continent,location,date,total_cases,new_cases,new_cases_smoothed,total_deaths,new_deaths,new_deaths_smoothed,total_cases_per_million,new_cases_per_million,new_cases_smoothed_per_million,total_deaths_per_million,new_deaths_per_million,population,median_age,aged_65_older,aged_70_older,cardiovasc_death_rate,diabetes_prevalence,female_smokers,male_smokers,hosp_patients,hosp_patients_per_million,weekly_icu_admissions
Africa,Africa,3/21/2020,1172,204,131.14,36,10,4.14,0.87,0.15,0.1,0.03,0.01,1340598113,,,,,,,,,,
Africa,Africa,3/22/2020,1437,265,160.57,48,12,5.71,1.07,0.2,0.12,0.04,0.01,1340598113,,,,,,,,,,
Africa,Africa,3/23/2020,1818,381,202.57,57,9,7,1.36,0.28,0.15,0.04,0.01,1340598113,,,,,,,,,,
Africa,Africa,3/24/2020,2250,432,252.29,64,7,7.57,1.68,0.32,0.19,0.05,0.01,1340598113,,,,,,,,,,
Africa,Africa,3/25/2020,2773,523,310.43,73,9,8,2.07,0.39,0.23,0.05,0.01,1340598113,,,,,,,,,,
Africa,Africa,3/26/2020,3326,553,363.71,91,18,10.14,2.48,0.41,0.27,0.07,0.01,1340598113,,,,,,,,,,
Africa,Africa,3/28/2020,4225,340,436.14,134,19,14,3.15,0.25,0.33,0.1,0.01,1340598113,,,,,,,,,,
Africa,Africa,3/29/2020,4785,560,478.29,152,18,14.86,3.57,0.42,0.36,0.11,0.01,1340598113,,,,,,,,,,
Africa,Africa,6/8/2020,196198,6648,6264.86,5363,175,145.71,146.35,4.96,4.67,4,0.13,1340598113,,,,,,,,,,
Africa,Africa,6/9/2020,202670,6472,6491.57,5538,175,149.14,151.18,4.83,4.84,4.13,0.13,1340598113,,,,,,,,,,
Africa,Africa,6/15/2020,251184,9621,7855.14,6762,303,199.86,187.37,7.18,5.86,5.04,0.23,1340598113,,,,,,,,,,
Africa,Africa,6/16/2020,258797,7613,8018.14,7015,253,211,193.05,5.68,5.98,5.23,0.19,1340598113,,,,,,,,,,
Africa,Africa,6/22/2020,315370,8989,9169.43,8338,223,225.14,235.25,6.71,6.84,6.22,0.17,1340598113,,,,,,,,,,
Africa,Africa,6/23/2020,324421,9051,9374.86,8620,282,229.29,242,6.75,6.99,6.43,0.21,1340598113,,,,,,,,,,
Africa,Africa,6/25/2020,347729,11950,10278,9069,214,235.71,259.38,8.91,7.67,6.77,0.16,1340598113,,,,,,,,,,
Africa,Africa,6/26/2020,359306,11577,10528.14,9282,213,228.57,268.02,8.64,7.85,6.92,0.16,1340598113,,,,,,,,,,
Africa,Africa,6/28/2020,382237,10647,10836.57,9663,179,221.14,285.12,7.94,8.08,7.21,0.13,1340598113,,,,,,,,,,
Africa,Africa,6/29/2020,393285,11048,11130.71,9879,216,220.14,293.37,8.24,8.3,7.37,0.16,1340598113,,,,,,,,,,
Africa,Africa,7/1/2020,418128,13227,11764.14,10405,259,221.43,311.9,9.87,8.78,7.76,0.19,1340598113,,,,,,,,,,
Africa,Africa,7/5/2020,476627,13640,13484.29,11363,280,242.86,355.53,10.18,10.06,8.48,0.21,1340598113,,,,,,,,,,
Africa,Africa,7/6/2020,490344,13717,13865.57,11612,249,247.57,365.77,10.23,10.34,8.66,0.19,1340598113,,,,,,,,,,
Africa,Africa,7/7/2020,507818,17474,14702.43,11977,365,261.57,378.8,13.03,10.97,8.93,0.27,1340598113,,,,,,,,,,
Africa,Africa,7/8/2020,522544,14726,14916.57,12232,255,261,389.78,10.99,11.13,9.12,0.19,1340598113,,,,,,,,,,
Africa,Africa,7/9/2020,541756,19212,15633.57,12458,226,259.29,404.12,14.33,11.66,9.29,0.17,1340598113,,,,,,,,,,
Africa,Africa,7/10/2020,559436,17680,15993.71,12768,310,269.43,417.3,13.19,11.93,9.52,0.23,1340598113,,,,,,,,,,
Africa,Africa,7/11/2020,578251,18815,16466.29,12988,220,272.14,431.34,14.04,12.28,9.69,0.16,1340598113,,,,,,,,,,
Africa,Africa,7/12/2020,594945,16694,16902.57,13245,257,268.86,443.79,12.45,12.61,9.88,0.19,1340598113,,,,,,,,,,
Africa,Africa,7/13/2020,611016,16071,17238.86,13463,218,264.43,455.78,11.99,12.86,10.04,0.16,1340598113,,,,,,,,,,
Africa,Africa,7/14/2020,625451,14435,16804.71,13762,299,255,466.55,10.77,12.54,10.27,0.22,1340598113,,,,,,,,,,
Africa,Africa,7/15/2020,643502,18051,17279.71,13988,226,250.86,480.01,13.47,12.89,10.43,0.17,1340598113,,,,,,,,,,
Africa,Africa,7/16/2020,663943,20441,17455.29,14358,370,271.43,495.26,15.25,13.02,10.71,0.28,1340598113,,,,,,,,,,
Africa,Africa,7/17/2020,683483,19540,17721,14673,315,272.14,509.83,14.58,13.22,10.95,0.24,1340598113,,,,,,,,,,
Africa,Africa,7/18/2020,702498,19015,17749.57,14955,282,281,524.02,14.18,13.24,11.16,0.21,1340598113,,,,,,,,,,
Africa,Africa,7/19/2020,721052,18554,18015.29,15169,214,274.86,537.86,13.84,13.44,11.32,0.16,1340598113,,,,,,,,,,
Africa,Africa,7/20/2020,736577,15525,17937.29,15423,254,280,549.44,11.58,13.38,11.51,0.19,1340598113,,,,,,,,,,
Africa,Africa,7/21/2020,750441,13864,17855.71,15737,314,282.14,559.78,10.34,13.32,11.74,0.23,1340598113,,,,,,,,,,
Africa,Africa,7/22/2020,770055,19614,18079,16445,708,351,574.41,14.63,13.49,12.27,0.53,1340598113,,,,,,,,,,
Africa,Africa,7/24/2020,810633,22111,18164.29,17104,390,347.29,604.68,16.49,13.55,12.76,0.29,1340598113,,,,,,,,,,
Africa,Africa,7/25/2020,828784,18151,18040.86,17521,417,366.57,618.22,13.54,13.46,13.07,0.31,1340598113,,,,,,,,,,
Africa,Africa,7/27/2020,860527,13428,17707.14,18175,409,393.14,641.9,10.02,13.21,13.56,0.31,1340598113,,,,,,,,,,
Africa,Africa,7/28/2020,874026,13499,17655,18497,322,394.29,651.97,10.07,13.17,13.8,0.24,1340598113,,,,,,,,,,
Africa,Africa,7/29/2020,891668,17642,17373.29,18864,367,345.57,665.13,13.16,12.96,14.07,0.27,1340598113,,,,,,,,,,
Africa,Africa,7/30/2020,909075,17407,17221.86,19318,454,372,678.11,12.99,12.85,14.41,0.34,1340598113,,,,,,,,,,
Africa,Africa,7/31/2020,928080,19005,16778.14,19682,364,368.29,692.29,14.18,12.52,14.68,0.27,1340598113,,,,,,,,,,
Africa,Africa,8/1/2020,945000,16920,16602.29,19974,292,350.43,704.91,12.62,12.38,14.9,0.22,1340598113,,,,,,,,,,
Africa,Africa,8/2/2020,957749,12749,15807.14,20306,332,362.86,714.42,9.51,11.79,15.15,0.25,1340598113,,,,,,,,,,
Africa,Africa,8/3/2020,968602,10853,15439.29,20627,321,350.29,722.52,8.1,11.52,15.39,0.24,1340598113,,,,,,,,,,
Africa,Africa,8/5/2020,993891,15374,14603.29,21638,539,396.29,741.38,11.47,10.89,16.14,0.4,1340598113,,,,,,,,,,
Africa,Africa,8/6/2020,1008219,14328,14163.43,22069,431,393,752.07,10.69,10.57,16.46,0.32,1340598113,,,,,,,,,,
Africa,Africa,8/7/2020,1021711,13492,13375.86,22508,439,403.71,762.13,10.06,9.98,16.79,0.33,1340598113,,,,,,,,,,
Africa,Africa,8/8/2020,1035919,14208,12988.43,22921,413,421,772.73,10.6,9.69,17.1,0.31,1340598113,,,,,,,,,,
Africa,Africa,8/9/2020,1048275,12356,12932.29,23279,358,424.71,781.95,9.22,9.65,17.37,0.27,1340598113,,,,,,,,,,
Africa,Africa,8/10/2020,1057407,9132,12686.43,23598,319,424.43,788.76,6.81,9.46,17.6,0.24,1340598113,,,,,,,,,,
Africa,Africa,8/12/2020,1074548,9258,11522.43,24277,410,377,801.54,6.91,8.6,18.11,0.31,1340598113,,,,,,,,,,
Africa,Africa,8/13/2020,1084941,10393,10960.29,24682,405,373.29,809.3,7.75,8.18,18.41,0.3,1340598113,,,,,,,,,,
Africa,Africa,8/14/2020,1097486,12545,10825,25098,416,370,818.65,9.36,8.08,18.72,0.31,1340598113,,,,,,,,,,
Africa,Africa,8/16/2020,1119254,9953,10139.86,25633,295,336.29,834.89,7.42,7.56,19.12,0.22,1340598113,,,,,,,,,,
Africa,Africa,8/18/2020,1136763,8637,10210.43,26312,415,349.29,847.95,6.44,7.62,19.63,0.31,1340598113,,,,,,,,,,
Africa,Africa,8/19/2020,1147658,10895,10444.29,26640,328,337.57,856.08,8.13,7.79,19.87,0.25,1340598113,,,,,,,,,,
Africa,Africa,8/20/2020,1158267,10609,10475.14,26977,337,327.86,863.99,7.91,7.81,20.12,0.25,1340598113,,,,,,,,,,
Africa,Africa,8/21/2020,1168539,10272,10150.43,27329,352,318.71,871.66,7.66,7.57,20.39,0.26,1340598113,,,,,,,,,,
Africa,Africa,8/24/2020,1195541,7516,9630.71,28005,220,301.14,891.8,5.61,7.18,20.89,0.16,1340598113,,,,,,,,,,
Africa,Africa,8/25/2020,1203084,7543,9474.43,28288,283,282.29,897.42,5.63,7.07,21.1,0.21,1340598113,,,,,,,,,,
Africa,Africa,8/26/2020,1211939,8855,9183,28607,319,281,904.03,6.61,6.85,21.34,0.24,1340598113,,,,,,,,,,
Africa,Africa,8/27/2020,1220494,8555,8889.57,28860,253,269,910.41,6.38,6.63,21.53,0.19,1340598113,,,,,,,,,,
Africa,Africa,8/28/2020,1228603,8109,8580.57,29091,231,251.71,916.46,6.05,6.4,21.7,0.17,1340598113,,,,,,,,,,
Africa,Africa,8/29/2020,1236973,8370,8285.86,29422,331,259.86,922.7,6.24,6.18,21.95,0.25,1340598113,,,,,,,,,,
Africa,Africa,8/31/2020,1252235,6805,8099.14,29812,226,258.14,934.09,5.08,6.04,22.24,0.17,1340598113,,,,,,,,,,
Africa,Africa,9/3/2020,1275853,7747,7908.43,30616,297,250.86,951.7,5.78,5.9,22.84,0.22,1340598113,,,,,,,,,,
Africa,Africa,9/5/2020,1291823,7392,7835.71,31079,225,236.71,963.62,5.51,5.85,23.18,0.17,1340598113,,,,,,,,,,
Africa,Africa,9/6/2020,1299646,7823,7745.14,31303,224,245.29,969.45,5.84,5.78,23.35,0.17,1340598113,,,,,,,,,,
Africa,Africa,9/7/2020,1306522,6876,7755.29,31521,218,244.14,974.58,5.13,5.79,23.51,0.16,1340598113,,,,,,,,,,
Africa,Africa,9/8/2020,1314201,7679,7829.86,31747,226,241.86,980.31,5.73,5.84,23.68,0.17,1340598113,,,,,,,,,,
Africa,Africa,9/11/2020,1339238,8692,7829.57,32355,231,214.43,998.99,6.48,5.84,24.14,0.17,1340598113,,,,,,,,,,
Africa,Africa,9/14/2020,1359879,6483,7622.43,32793,171,181.71,1014.38,4.84,5.69,24.46,0.13,1340598113,,,,,,,,,,
Africa,Africa,9/15/2020,1366445,6566,7463.43,33070,277,189,1019.28,4.9,5.57,24.67,0.21,1340598113,,,,,,,,,,
Africa,Africa,9/16/2020,1373755,7310,7322.71,33249,179,187.14,1024.73,5.45,5.46,24.8,0.13,1340598113,,,,,,,,,,
Africa,Africa,9/17/2020,1382360,8605,7402,33428,179,186.29,1031.15,6.42,5.52,24.94,0.13,1340598113,,,,,,,,,,
Africa,Africa,9/23/2020,1429381,8727,7946.57,34531,209,183.14,1066.23,6.51,5.93,25.76,0.16,1340598113,,,,,,,,,,
Africa,Africa,9/24/2020,1437567,8186,7886.71,34706,175,182.57,1072.33,6.11,5.88,25.89,0.13,1340598113,,,,,,,,,,
Africa,Africa,9/26/2020,1451954,6410,7529.43,35028,168,172.14,1083.06,4.78,5.62,26.13,0.13,1340598113,,,,,,,,,,
Africa,Africa,9/28/2020,1465992,5669,7453.86,35457,294,196.43,1093.54,4.23,5.56,26.45,0.22,1340598113,,,,,,,,,,
Africa,Africa,9/29/2020,1473501,7509,7549.57,35674,217,193.14,1099.14,5.6,5.63,26.61,0.16,1340598113,,,,,,,,,,
Africa,Africa,10/1/2020,1489195,7260,7375.43,36080,217,196.29,1110.84,5.42,5.5,26.91,0.16,1340598113,,,,,,,,,,
Africa,Africa,10/4/2020,1514968,8086,7806.43,36510,170,192.43,1130.07,6.03,5.82,27.23,0.13,1340598113,,,,,,,,,,
Africa,Africa,10/8/2020,1547730,10908,8362.14,37393,298,187.57,1154.51,8.14,6.24,27.89,0.22,1340598113,,,,,,,,,,
Africa,Africa,10/11/2020,1578796,8975,9118.29,38108,208,228.29,1177.68,6.7,6.8,28.43,0.16,1340598113,,,,,,,,,,
Africa,Africa,10/15/2020,1613141,9116,9344.43,39089,254,242.29,1203.3,6.8,6.97,29.16,0.19,1340598113,,,,,,,,,,
Africa,Africa,10/20/2020,1665746,9776,10461.29,40228,298,236.57,1242.54,7.29,7.8,30.01,0.22,1340598113,,,,,,,,,,
Africa,Africa,10/21/2020,1676224,10478,10314.14,40480,252,235,1250.36,7.82,7.69,30.2,0.19,1340598113,,,,,,,,,,
Africa,Africa,10/22/2020,1687194,10970,10579,40696,216,229.57,1258.54,8.18,7.89,30.36,0.16,1340598113,,,,,,,,,,
Africa,Africa,10/23/2020,1697629,10435,10543.14,40920,224,232,1266.32,7.78,7.87,30.52,0.17,1340598113,,,,,,,,,,
Africa,Africa,10/24/2020,1709368,11739,10182.71,41143,223,226,1275.08,8.76,7.6,30.69,0.17,1340598113,,,,,,,,,,
Africa,Africa,10/26/2020,1729180,10718,10458.57,41607,348,239.57,1289.86,8,7.8,31.04,0.26,1340598113,,,,,,,,,,
Africa,Africa,10/28/2020,1749730,11900,10500.86,42135,346,236.43,1305.19,8.88,7.83,31.43,0.26,1340598113,,,,,,,,,,
Africa,Africa,10/30/2020,1774400,13599,10967.29,42629,292,244.14,1323.59,10.14,8.18,31.8,0.22,1340598113,,,,,,,,,,
Africa,Africa,10/31/2020,1785474,11074,10872.29,42853,224,244.29,1331.85,8.26,8.11,31.97,0.17,1340598113,,,,,,,,,,
Africa,Africa,11/1/2020,1795770,10296,11044,43175,322,273.71,1339.53,7.68,8.24,32.21,0.24,1340598113,,,,,,,,,,
Africa,Africa,11/2/2020,1803356,7586,10596.57,43389,214,254.57,1345.19,5.66,7.9,32.37,0.16,1340598113,,,,,,,,,,
Africa,Africa,11/3/2020,1814230,10874,10914.29,43705,316,273.71,1353.3,8.11,8.14,32.6,0.24,1340598113,,,,,,,,,,
Africa,Africa,11/5/2020,1843625,15393,11832,44244,304,272.43,1375.23,11.48,8.83,33,0.23,1340598113,,,,,,,,,,
Africa,Africa,11/6/2020,1855345,11720,11563.57,44467,223,262.57,1383.97,8.74,8.63,33.17,0.17,1340598113,,,,,,,,,,
Africa,Africa,11/7/2020,1870362,15017,12126.86,44845,378,284.57,1395.17,11.2,9.05,33.45,0.28,1340598113,,,,,,,,,,
Africa,Africa,11/8/2020,1882860,12498,12441.43,45360,515,312.14,1404.49,9.32,9.28,33.84,0.38,1340598113,,,,,,,,,,
Africa,Africa,11/9/2020,1891749,8889,12627.57,45609,249,317.14,1411.12,6.63,9.42,34.02,0.19,1340598113,,,,,,,,,,
Africa,Africa,11/10/2020,1904922,13173,12956,45950,341,320.71,1420.95,9.83,9.66,34.28,0.25,1340598113,,,,,,,,,,
Africa,Africa,11/11/2020,1918922,14000,12955.71,46282,332,334.57,1431.39,10.44,9.66,34.52,0.25,1340598113,,,,,,,,,,
Africa,Africa,11/13/2020,1949381,14678,13433.71,46831,280,337.71,1454.11,10.95,10.02,34.93,0.21,1340598113,,,,,,,,,,
Africa,Africa,11/15/2020,1976022,12570,13308.86,47362,296,286,1473.99,9.38,9.93,35.33,0.22,1340598113,,,,,,,,,,
Africa,Africa,11/16/2020,1986326,10304,13511,47641,279,290.29,1481.67,7.69,10.08,35.54,0.21,1340598113,,,,,,,,,,
Africa,Africa,11/17/2020,1999194,12868,13467.43,48034,393,297.71,1491.27,9.6,10.05,35.83,0.29,1340598113,,,,,,,,,,
Africa,Africa,11/18/2020,2014495,15301,13653.29,48426,392,306.29,1502.68,11.41,10.18,36.12,0.29,1340598113,,,,,,,,,,
Africa,Africa,11/19/2020,2028429,13934,13389.43,48702,276,307.29,1513.08,10.39,9.99,36.33,0.21,1340598113,,,,,,,,,,
Africa,Africa,11/20/2020,2044162,15733,13540.14,49114,412,326.14,1524.81,11.74,10.1,36.64,0.31,1340598113,,,,,,,,,,
Africa,Africa,11/21/2020,2057518,13356,13438,49428,314,337.43,1534.78,9.96,10.02,36.87,0.23,1340598113,,,,,,,,,,
Africa,Africa,11/22/2020,2070297,12779,13467.86,49718,290,336.57,1544.31,9.53,10.05,37.09,0.22,1340598113,,,,,,,,,,
Africa,Africa,11/24/2020,2092877,12503,13383.29,50331,344,328.14,1561.15,9.33,9.98,37.54,0.26,1340598113,,,,,,,,,,
Africa,Africa,11/25/2020,2107544,14667,13292.71,50647,316,317.29,1572.09,10.94,9.92,37.78,0.24,1340598113,,,,,,,,,,
Africa,Africa,11/26/2020,2121467,13923,13291.14,50944,297,320.29,1582.48,10.39,9.91,38,0.22,1340598113,,,,,,,,,,
Africa,Africa,11/27/2020,2137506,16039,13334.86,51264,320,307.14,1594.44,11.96,9.95,38.24,0.24,1340598113,,,,,,,,,,
Africa,Africa,11/29/2020,2163973,13071,13382.29,51723,224,286.43,1614.19,9.75,9.98,38.58,0.17,1340598113,,,,,,,,,,
Africa,Africa,12/1/2020,2185161,10838,13183.43,52250,258,274.14,1629.99,8.08,9.83,38.98,0.19,1340598113,,,,,,,,,,
Africa,Africa,12/2/2020,2201574,16413,13432.86,52580,330,276.14,1642.23,12.24,10.02,39.22,0.25,1340598113,,,,,,,,,,
Africa,Africa,12/4/2020,2235257,17982,13964.43,53277,430,287.57,1667.36,13.41,10.42,39.74,0.32,1340598113,,,,,,,,,,
Africa,Africa,12/5/2020,2249959,14702,14151,53564,287,295,1678.33,10.97,10.56,39.96,0.21,1340598113,,,,,,,,,,
Africa,Africa,12/6/2020,2263422,13463,14207,53870,306,306.71,1688.37,10.04,10.6,40.18,0.23,1340598113,,,,,,,,,,
Africa,Africa,12/7/2020,2274050,10628,14246.71,54118,248,303.71,1696.3,7.93,10.63,40.37,0.19,1340598113,,,,,,,,,,
Africa,Africa,12/8/2020,2287308,13258,14592.43,54520,402,324.29,1706.19,9.89,10.89,40.67,0.3,1340598113,,,,,,,,,,
Africa,Africa,12/9/2020,2306704,19396,15018.57,54870,350,327.14,1720.65,14.47,11.2,40.93,0.26,1340598113,,,,,,,,,,
Africa,Africa,12/10/2020,2325838,19134,15509,55264,394,345.29,1734.93,14.27,11.57,41.22,0.29,1340598113,,,,,,,,,,
Africa,Africa,12/11/2020,2344919,19081,15666,55662,398,340.71,1749.16,14.23,11.69,41.52,0.3,1340598113,,,,,,,,,,
Africa,Africa,12/12/2020,2363052,18133,16156.14,55988,326,346.29,1762.69,13.53,12.05,41.76,0.24,1340598113,,,,,,,,,,
Africa,Africa,12/13/2020,2379274,16222,16550.29,56334,346,352,1774.79,12.1,12.35,42.02,0.26,1340598113,,,,,,,,,,
Africa,Africa,12/14/2020,2390592,11318,16648.86,56645,311,361,1783.23,8.44,12.42,42.25,0.23,1340598113,,,,,,,,,,
Africa,Africa,12/15/2020,2408594,18002,17326.57,57072,427,364.57,1796.66,13.43,12.93,42.57,0.32,1340598113,,,,,,,,,,
Africa,Africa,12/16/2020,2429819,21225,17587.86,57418,346,364,1812.49,15.83,13.12,42.83,0.26,1340598113,,,,,,,,,,
Africa,Africa,12/17/2020,2450327,20508,17784.14,57814,396,364.29,1827.79,15.3,13.27,43.13,0.3,1340598113,,,,,,,,,,
Africa,Africa,12/18/2020,2469647,19320,17818.29,58310,496,378.29,1842.2,14.41,13.29,43.5,0.37,1340598113,,,,,,,,,,
Africa,Africa,12/19/2020,2490907,21260,18265,58759,449,395.86,1858.06,15.86,13.63,43.83,0.34,1340598113,,,,,,,,,,
Africa,Africa,12/20/2020,2509333,18426,18579.86,59099,340,395,1871.8,13.75,13.86,44.08,0.25,1340598113,,,,,,,,,,
Africa,Africa,12/21/2020,2526114,16781,19360.29,59528,429,411.86,1884.32,12.52,14.44,44.4,0.32,1340598113,,,,,,,,,,
Africa,Africa,12/22/2020,2546100,19986,19643.71,60057,529,426.43,1899.23,14.91,14.65,44.8,0.4,1340598113,,,,,,,,,,
Africa,Africa,12/23/2020,2571829,25729,20287.14,60877,820,494.14,1918.42,19.19,15.13,45.41,0.61,1340598113,,,,,,,,,,
Africa,Africa,12/24/2020,2598873,27044,21220.86,61431,554,516.71,1938.59,20.17,15.83,45.82,0.41,1340598113,,,,,,,,,,
Africa,Africa,12/25/2020,2624658,25785,22144.43,61955,524,520.71,1957.83,19.23,16.52,46.21,0.39,1340598113,,,,,,,,,,
Africa,Africa,12/26/2020,2646039,21381,22161.71,62374,419,516.43,1973.78,15.95,16.53,46.53,0.31,1340598113,,,,,,,,,,
Africa,Africa,12/27/2020,2664714,18675,22197.29,62806,432,529.57,1987.71,13.93,16.56,46.85,0.32,1340598113,,,,,,,,,,
Africa,Africa,12/28/2020,2679925,15211,21973,63351,545,546.14,1999.05,11.35,16.39,47.26,0.41,1340598113,,,,,,,,,,
Africa,Africa,12/29/2020,2700053,20128,21993.29,64068,717,573,2014.07,15.01,16.41,47.79,0.54,1340598113,,,,,,,,,,
Africa,Africa,12/30/2020,2730670,30617,22691.57,64769,701,556,2036.9,22.84,16.93,48.31,0.52,1340598113,,,,,,,,,,
Africa,Africa,12/31/2020,2760459,29789,23083.71,65468,699,576.71,2059.13,22.22,17.22,48.84,0.52,1340598113,,,,,,,,,,
Africa,Africa,1/1/2021,2788167,27708,23358.43,66126,658,595.86,2079.79,20.67,17.42,49.33,0.49,1340598113,,,,,,,,,,
Africa,Africa,1/2/2021,2811086,22919,23578.14,66641,515,609.57,2096.89,17.1,17.59,49.71,0.38,1340598113,,,,,,,,,,
Africa,Africa,1/3/2021,2833076,21990,24051.71,67246,605,634.29,2113.29,16.4,17.94,50.16,0.45,1340598113,,,,,,,,,,
Africa,Africa,1/4/2021,2854868,21792,24991.86,67931,685,654.29,2129.55,16.26,18.64,50.67,0.51,1340598113,,,,,,,,,,
Africa,Africa,1/5/2021,2881715,26847,25951.71,68751,820,669,2149.57,20.03,19.36,51.28,0.61,1340598113,,,,,,,,,,
Africa,Africa,1/6/2021,2917507,35792,26691,69861,1110,727.43,2176.27,26.7,19.91,52.11,0.83,1340598113,,,,,,,,,,
Africa,Africa,1/7/2021,2952909,35402,27492.86,70550,689,726,2202.68,26.41,20.51,52.63,0.51,1340598113,,,,,,,,,,
Africa,Africa,1/8/2021,2989382,36473,28745,71460,910,762,2229.89,27.21,21.44,53.31,0.68,1340598113,,,,,,,,,,
Africa,Africa,1/9/2021,3024481,35099,30485,72117,657,782.29,2256.07,26.18,22.74,53.8,0.49,1340598113,,,,,,,,,,
Africa,Africa,1/10/2021,3056088,31607,31858.86,72711,594,780.71,2279.65,23.58,23.77,54.24,0.44,1340598113,,,,,,,,,,
Africa,Africa,1/11/2021,3084121,28033,32750.43,73392,681,780.14,2300.56,20.91,24.43,54.75,0.51,1340598113,,,,,,,,,,
Africa,Africa,1/12/2021,3110249,26128,32647.71,74468,1076,816.71,2320.05,19.49,24.35,55.55,0.8,1340598113,,,,,,,,,,
Africa,Africa,1/13/2021,3144246,33997,32391.29,75688,1220,832.43,2345.41,25.36,24.16,56.46,0.91,1340598113,,,,,,,,,,
Africa,Africa,1/14/2021,3178474,34228,32223.57,76741,1053,884.43,2370.94,25.53,24.04,57.24,0.79,1340598113,,,,,,,,,,
Africa,Africa,1/15/2021,3210049,31575,31523.86,77646,905,883.71,2394.49,23.55,23.52,57.92,0.68,1340598113,,,,,,,,,,
Africa,Africa,1/16/2021,3237617,27568,30448,78309,663,884.57,2415.05,20.56,22.71,58.41,0.5,1340598113,,,,,,,,,,
Africa,Africa,1/17/2021,3264186,26569,29728.29,78907,598,885.14,2434.87,19.82,22.18,58.86,0.45,1340598113,,,,,,,,,,
Africa,Africa,1/18/2021,3286662,22476,28934.43,79632,725,891.43,2451.64,16.77,21.58,59.4,0.54,1340598113,,,,,,,,,,
Africa,Africa,1/19/2021,3310072,23410,28546.14,80834,1202,909.43,2469.1,17.46,21.29,60.3,0.9,1340598113,,,,,,,,,,
Africa,Africa,1/20/2021,3338409,28337,27737.57,81756,922,866.86,2490.24,21.14,20.69,60.99,0.69,1340598113,,,,,,,,,,
Africa,Africa,1/21/2021,3366274,27865,26828.57,82781,1025,862.86,2511.02,20.79,20.01,61.75,0.77,1340598113,,,,,,,,,,
Africa,Africa,1/22/2021,3392453,26179,26057.71,83755,974,872.71,2530.55,19.53,19.44,62.48,0.73,1340598113,,,,,,,,,,
Africa,Africa,1/23/2021,3419761,27308,26020.57,84537,782,889.71,2550.92,20.37,19.41,63.06,0.58,1340598113,,,,,,,,,,
Africa,Africa,1/24/2021,3439881,20120,25099.29,85184,647,896.71,2565.93,15.01,18.72,63.54,0.48,1340598113,,,,,,,,,,
Africa,Africa,1/25/2021,3456576,16695,24273.43,85955,771,903.29,2578.38,12.45,18.11,64.12,0.58,1340598113,,,,,,,,,,
Africa,Africa,1/26/2021,3475174,18598,23586,86938,983,872,2592.26,13.87,17.59,64.85,0.73,1340598113,,,,,,,,,,
Africa,Africa,1/27/2021,3496001,20827,22513.14,87989,1051,890.43,2607.79,15.54,16.79,65.63,0.78,1340598113,,,,,,,,,,
Africa,Africa,1/28/2021,3516781,20780,21501,88985,996,886.29,2623.29,15.5,16.04,66.38,0.74,1340598113,,,,,,,,,,
Africa,Africa,1/29/2021,3536003,19222,20507.14,89831,846,868,2637.63,14.34,15.3,67.01,0.63,1340598113,,,,,,,,,,
Africa,Africa,1/30/2021,3553865,17862,19157.71,90446,615,844.14,2650.96,13.32,14.29,67.47,0.46,1340598113,,,,,,,,,,
Africa,Africa,1/31/2021,3569617,15752,18533.71,90971,525,826.71,2662.71,11.75,13.83,67.86,0.39,1340598113,,,,,,,,,,
Africa,Africa,2/1/2021,3582328,12711,17964.57,91480,509,789.29,2672.19,9.48,13.4,68.24,0.38,1340598113,,,,,,,,,,
Africa,Africa,2/2/2021,3597149,14821,17425,92364,884,775.14,2683.24,11.06,13,68.9,0.66,1340598113,,,,,,,,,,
Africa,Africa,2/3/2021,3612611,15462,16658.57,93073,709,726.29,2694.78,11.53,12.43,69.43,0.53,1340598113,,,,,,,,,,
Africa,Africa,2/4/2021,3629085,16474,16043.43,93640,567,665,2707.06,12.29,11.97,69.85,0.42,1340598113,,,,,,,,,,
Africa,Africa,2/5/2021,3644992,15907,15569.86,94187,547,622.29,2718.93,11.87,11.61,70.26,0.41,1340598113,,,,,,,,,,
Africa,Africa,2/6/2021,3658537,13545,14953.14,94735,548,612.71,2729.03,10.1,11.15,70.67,0.41,1340598113,,,,,,,,,,
Africa,Africa,2/7/2021,3670261,11724,14377.71,95092,357,588.71,2737.78,8.75,10.73,70.93,0.27,1340598113,,,,,,,,,,
Africa,Africa,2/8/2021,3681674,11413,14192.29,95535,443,579.29,2746.29,8.51,10.59,71.26,0.33,1340598113,,,,,,,,,,
Africa,Africa,2/9/2021,3693025,11351,13696.57,96234,699,552.86,2754.76,8.47,10.22,71.78,0.52,1340598113,,,,,,,,,,
Africa,Africa,2/10/2021,3706143,13118,13361.71,96770,536,528.14,2764.54,9.79,9.97,72.18,0.4,1340598113,,,,,,,,,,
Africa,Africa,2/11/2021,3718013,11870,12704,97265,495,517.86,2773.4,8.85,9.48,72.55,0.37,1340598113,,,,,,,,,,
Africa,Africa,2/12/2021,3731935,13922,12420.43,97830,565,520.43,2783.78,10.39,9.27,72.98,0.42,1340598113,,,,,,,,,,
Africa,Africa,2/13/2021,3742849,10914,12044.57,98182,352,492.43,2791.93,8.14,8.98,73.24,0.26,1340598113,,,,,,,,,,
Africa,Africa,2/14/2021,3753174,10325,11844.71,98475,293,483.29,2799.63,7.7,8.84,73.46,0.22,1340598113,,,,,,,,,,
Africa,Africa,2/17/2021,3785411,12317,11324,99814,402,434.86,2823.67,9.19,8.45,74.46,0.3,1340598113,,,,,,,,,,
Africa,Africa,2/18/2021,3799304,13893,11613,100325,511,437.14,2834.04,10.36,8.66,74.84,0.38,1340598113,,,,,,,,,,
Africa,Africa,2/19/2021,3810323,11019,11198.29,100709,384,411.29,2842.26,8.22,8.35,75.12,0.29,1340598113,,,,,,,,,,
Africa,Africa,2/20/2021,3819882,9559,11004.71,100999,290,402.43,2849.39,7.13,8.21,75.34,0.22,1340598113,,,,,,,,,,
Africa,Africa,2/21/2021,3829402,9520,10889.71,101336,337,408.71,2856.49,7.1,8.12,75.59,0.25,1340598113,,,,,,,,,,
Africa,Africa,2/22/2021,3838419,9017,10764.57,101672,336,389.43,2863.21,6.73,8.03,75.84,0.25,1340598113,,,,,,,,,,
Africa,Africa,2/24/2021,3856688,10529,10182.43,102468,326,379.14,2876.84,7.85,7.6,76.44,0.24,1340598113,,,,,,,,,,
Africa,Africa,2/25/2021,3868959,12271,9950.71,102825,357,357.14,2886,9.15,7.42,76.7,0.27,1340598113,,,,,,,,,,
Africa,Africa,2/26/2021,3880062,11103,9962.71,103142,317,347.57,2894.28,8.28,7.43,76.94,0.24,1340598113,,,,,,,,,,
Africa,Africa,2/27/2021,3887893,7831,9715.86,103481,339,354.57,2900.12,5.84,7.25,77.19,0.25,1340598113,,,,,,,,,,
Africa,Africa,2/28/2021,3897307,9414,9700.71,103706,225,338.57,2907.14,7.02,7.24,77.36,0.17,1340598113,,,,,,,,,,
Africa,Africa,3/1/2021,3906140,8833,9674.43,104021,315,335.57,2913.73,6.59,7.22,77.59,0.24,1340598113,,,,,,,,,,
Africa,Africa,3/2/2021,3913848,7708,9669.86,104384,363,320.29,2919.48,5.75,7.21,77.86,0.27,1340598113,,,,,,,,,,
Africa,Africa,3/3/2021,3924756,10908,9724,104662,278,313.43,2927.62,8.14,7.25,78.07,0.21,1340598113,,,,,,,,,,
Africa,Africa,3/4/2021,3937138,12382,9739.86,104993,331,309.71,2936.85,9.24,7.27,78.32,0.25,1340598113,,,,,,,,,,
Africa,Africa,3/5/2021,3945707,8569,9377.86,105220,227,296.86,2943.24,6.39,7,78.49,0.17,1340598113,,,,,,,,,,
Africa,Africa,3/7/2021,3964055,8395,9535.43,105713,230,286.71,2956.93,6.26,7.11,78.86,0.17,1340598113,,,,,,,,,,
Africa,Africa,3/8/2021,3973332,9277,9598.86,106092,379,295.86,2963.85,6.92,7.16,79.14,0.28,1340598113,,,,,,,,,,
Africa,Africa,3/9/2021,3981161,7829,9616.14,106381,289,285.29,2969.69,5.84,7.17,79.35,0.22,1340598113,,,,,,,,,,
Africa,Africa,3/10/2021,3991582,10421,9546.57,106682,301,288.57,2977.46,7.77,7.12,79.58,0.23,1340598113,,,,,,,,,,
Africa,Africa,3/11/2021,4006913,15331,9967.86,107006,324,287.57,2988.9,11.44,7.44,79.82,0.24,1340598113,,,,,,,,,,
Africa,Africa,3/12/2021,4016737,9824,10147.14,107233,227,287.57,2996.23,7.33,7.57,79.99,0.17,1340598113,,,,,,,,,,
Africa,Africa,3/13/2021,4027046,10309,10198,107527,294,292,3003.92,7.69,7.61,80.21,0.22,1340598113,,,,,,,,,,
Africa,Africa,3/14/2021,4035708,8662,10236.14,107778,251,295,3010.38,6.46,7.64,80.4,0.19,1340598113,,,,,,,,,,
Africa,Africa,3/15/2021,4044120,8412,10112.57,108087,309,285,3016.65,6.28,7.54,80.63,0.23,1340598113,,,,,,,,,,
Africa,Africa,3/16/2021,4053103,8983,10277.43,108394,307,287.57,3023.35,6.7,7.67,80.86,0.23,1340598113,,,,,,,,,,
Africa,Africa,3/17/2021,4064224,11121,10377.43,108671,277,284.14,3031.65,8.3,7.74,81.06,0.21,1340598113,,,,,,,,,,
Africa,Africa,3/19/2021,4088217,12661,10211.43,109477,545,320.57,3049.55,9.44,7.62,81.66,0.41,1340598113,,,,,,,,,,
Africa,Africa,3/21/2021,4106515,9094,10115.29,109903,229,303.57,3063.2,6.78,7.55,81.98,0.17,1340598113,,,,,,,,,,
Africa,Africa,3/22/2021,4116102,9587,10283.14,110163,260,296.57,3070.35,7.15,7.67,82.18,0.19,1340598113,,,,,,,,,,
Africa,Africa,3/23/2021,4124688,8586,10226.43,110485,322,298.71,3076.75,6.41,7.63,82.42,0.24,1340598113,,,,,,,,,,
Africa,Africa,3/24/2021,4135583,10895,10194.14,110807,322,305.14,3084.88,8.13,7.6,82.66,0.24,1340598113,,,,,,,,,,
Africa,Africa,3/25/2021,4148073,12490,10359.57,111193,386,323,3094.2,9.32,7.73,82.94,0.29,1340598113,,,,,,,,,,
Africa,Africa,3/26/2021,4166617,18544,11200,111537,344,294.29,3108.03,13.83,8.35,83.2,0.26,1340598113,,,,,,,,,,
Africa,Africa,3/29/2021,4194799,9707,11242.43,112225,312,294.57,3129.05,7.24,8.39,83.71,0.23,1340598113,,,,,,,,,,
Africa,Africa,3/30/2021,4204561,9762,11410.43,112502,277,288.14,3136.33,7.28,8.51,83.92,0.21,1340598113,,,,,,,,,,
Africa,Africa,3/31/2021,4217313,12752,11675.71,112759,257,278.86,3145.84,9.51,8.71,84.11,0.19,1340598113,,,,,,,,,,
Africa,Africa,4/1/2021,4239457,22144,13054.86,113166,407,281.86,3162.36,16.52,9.74,84.42,0.3,1340598113,,,,,,,,,,
Africa,Africa,4/3/2021,4261416,8781,12189.14,113581,168,264.43,3178.74,6.55,9.09,84.72,0.13,1340598113,,,,,,,,,,
Africa,Africa,4/5/2021,4280173,9254,12196.29,114083,230,265.43,3192.73,6.9,9.1,85.1,0.17,1340598113,,,,,,,,,,
Africa,Africa,4/8/2021,4318252,16829,11256.43,114937,351,253,3221.14,12.55,8.4,85.74,0.26,1340598113,,,,,,,,,,
Africa,Africa,4/10/2021,4340514,9721,11299.71,115422,223,263,3237.74,7.25,8.43,86.1,0.17,1340598113,,,,,,,,,,
Africa,Africa,4/11/2021,4350198,9684,11325.57,115710,288,265.29,3244.97,7.22,8.45,86.31,0.22,1340598113,,,,,,,,,,
Africa,Africa,4/13/2021,4370297,9910,11506.86,116378,404,294.14,3259.96,7.39,8.58,86.81,0.3,1340598113,,,,,,,,,,
Africa,Africa,4/14/2021,4384217,13920,11827.71,116746,368,308.57,3270.34,10.38,8.82,87.09,0.28,1340598113,,,,,,,,,,
Africa,Africa,4/15/2021,4396924,12707,11238.86,117059,313,303.14,3279.82,9.48,8.38,87.32,0.23,1340598113,,,,,,,,,,
Africa,Africa,4/16/2021,4408953,12029,11165.71,117366,307,309.57,3288.8,8.97,8.33,87.55,0.23,1340598113,,,,,,,,,,
Africa,Africa,4/17/2021,4422316,13363,11686,117646,280,317.71,3298.76,9.97,8.72,87.76,0.21,1340598113,,,,,,,,,,
Africa,Africa,4/18/2021,4431640,9324,11634.57,117898,252,312.57,3305.72,6.96,8.68,87.94,0.19,1340598113,,,,,,,,,,
Africa,Africa,4/19/2021,4440393,8753,11429.43,118197,299,317.57,3312.25,6.53,8.53,88.17,0.22,1340598113,,,,,,,,,,
Africa,Africa,4/20/2021,4450504,10111,11458.14,118608,411,318.57,3319.79,7.54,8.55,88.47,0.31,1340598113,,,,,,,,,,
Africa,Africa,4/21/2021,4462371,11867,11164.86,118919,311,310.43,3328.64,8.85,8.33,88.71,0.23,1340598113,,,,,,,,,,
Africa,Africa,4/22/2021,4474950,12579,11146.57,119227,308,309.71,3338.03,9.38,8.32,88.94,0.23,1340598113,,,,,,,,,,
Africa,Africa,4/23/2021,4487054,12104,11157.29,119604,377,319.71,3347.05,9.03,8.32,89.22,0.28,1340598113,,,,,,,,,,
Africa,Africa,4/25/2021,4506744,9537,10729.14,120132,291,319.14,3361.74,7.11,8,89.61,0.22,1340598113,,,,,,,,,,
Africa,Africa,4/26/2021,4513541,6797,10449.71,120427,295,318.57,3366.81,5.07,7.8,89.83,0.22,1340598113,,,,,,,,,,
Africa,Africa,4/27/2021,4523057,9516,10364.71,120793,366,312.14,3373.91,7.1,7.73,90.1,0.27,1340598113,,,,,,,,,,
Africa,Africa,4/28/2021,4532581,9524,10030,121133,340,316.29,3381.01,7.1,7.48,90.36,0.25,1340598113,,,,,,,,,,
Africa,Africa,4/29/2021,4548180,15599,10461.43,121529,396,328.86,3392.65,11.64,7.8,90.65,0.3,1340598113,,,,,,,,,,
Africa,Africa,4/30/2021,4557699,9519,10092.14,121784,255,311.43,3399.75,7.1,7.53,90.84,0.19,1340598113,,,,,,,,,,
Europe,Andorra,3/22/2020,113,25,16,1,1,0.14,1462.5,323.56,207.08,12.94,12.94,77265,,,,109.14,7.97,29,37.8,,,
Europe,Andorra,3/26/2020,224,36,24.43,3,2,0.43,2899.11,465.93,316.17,38.83,25.89,77265,,,,109.14,7.97,29,37.8,,,
Europe,Andorra,3/29/2020,334,26,31.57,6,3,0.71,4322.79,336.5,408.61,77.66,38.83,77265,,,,109.14,7.97,29,37.8,,,
Europe,Andorra,3/30/2020,370,36,33.86,8,2,1,4788.71,465.93,438.2,103.54,25.89,77265,,,,109.14,7.97,29,37.8,,,
Europe,Andorra,3/31/2020,376,6,30.29,12,4,1.57,4866.37,77.66,391.97,155.31,51.77,77265,,,,109.14,7.97,29,37.8,,,
Europe,Andorra,4/1/2020,390,14,28.86,14,2,1.86,5047.56,181.2,373.48,181.2,25.89,77265,,,,109.14,7.97,29,37.8,,,
Europe,Andorra,4/2/2020,428,38,29.14,15,1,1.71,5539.38,491.81,377.18,194.14,12.94,77265,,,,109.14,7.97,29,37.8,,,
Europe,Andorra,4/3/2020,439,11,24.57,16,1,1.86,5681.75,142.37,318.02,207.08,12.94,77265,,,,109.14,7.97,29,37.8,,,
Europe,Andorra,4/4/2020,466,27,22.57,17,1,2,6031.19,349.45,292.13,220.02,12.94,77265,,,,109.14,7.97,29,37.8,,,
Europe,Andorra,4/5/2020,501,35,23.86,18,1,1.71,6484.18,452.99,308.77,232.96,12.94,77265,,,,109.14,7.97,29,37.8,,,
Europe,Andorra,4/6/2020,525,24,22.14,21,3,1.86,6794.8,310.62,286.58,271.79,38.83,77265,,,,109.14,7.97,29,37.8,,,
Europe,Andorra,4/7/2020,545,20,24.14,22,1,1.43,7053.65,258.85,312.47,284.73,12.94,77265,,,,109.14,7.97,29,37.8,,,
Europe,Andorra,4/8/2020,564,19,24.86,23,1,1.29,7299.55,245.91,321.71,297.68,12.94,77265,,,,109.14,7.97,29,37.8,,,
Europe,Andorra,4/9/2020,583,19,22.14,25,2,1.43,7545.46,245.91,286.58,323.56,25.89,77265,,,,109.14,7.97,29,37.8,,,
Europe,Andorra,4/10/2020,601,18,23.14,26,1,1.43,7778.43,232.96,299.53,336.5,12.94,77265,,,,109.14,7.97,29,37.8,,,
Europe,Andorra,4/12/2020,638,37,19.57,29,3,1.57,8257.3,478.87,253.3,375.33,38.83,77265,,,,109.14,7.97,29,37.8,,,
Europe,Andorra,4/14/2020,659,13,16.29,31,2,1.29,8529.09,168.25,210.78,401.22,25.89,77265,,,,109.14,7.97,29,37.8,,,
Europe,Andorra,4/15/2020,673,14,15.57,33,2,1.43,8710.28,181.2,201.53,427.1,25.89,77265,,,,109.14,7.97,29,37.8,,,
Europe,Andorra,4/17/2020,696,23,13.57,35,2,1.29,9007.96,297.68,175.65,452.99,25.89,77265,,,,109.14,7.97,29,37.8,,,
Europe,Andorra,4/19/2020,713,9,10.71,36,1,1,9227.98,116.48,138.67,465.93,12.94,77265,,,,109.14,7.97,29,37.8,,,
Europe,Andorra,4/20/2020,717,4,10.14,37,1,1.14,9279.75,51.77,131.27,478.87,12.94,77265,,,,109.14,7.97,29,37.8,,,
Europe,Andorra,4/24/2020,731,8,5,40,3,0.71,9460.95,103.54,64.71,517.7,38.83,77265,,,,109.14,7.97,29,37.8,,,
Europe,Andorra,4/28/2020,743,0,3.71,41,1,0.57,9616.26,0,48.07,530.64,12.94,77265,,,,109.14,7.97,29,37.8,,,
Europe,Andorra,4/29/2020,743,0,2.86,42,1,0.71,9616.26,0,36.98,543.58,12.94,77265,,,,109.14,7.97,29,37.8,,,
Europe,Andorra,5/1/2020,745,0,2,43,1,0.43,9642.14,0,25.89,556.53,12.94,77265,,,,109.14,7.97,29,37.8,,,
Europe,Andorra,5/2/2020,747,2,1.29,44,1,0.57,9668.03,25.89,16.64,569.47,12.94,77265,,,,109.14,7.97,29,37.8,,,
Europe,Andorra,5/3/2020,748,1,1.43,45,1,0.71,9680.97,12.94,18.49,582.41,12.94,77265,,,,109.14,7.97,29,37.8,,,
Europe,Andorra,5/5/2020,751,1,1.14,46,1,0.71,9719.8,12.94,14.79,595.35,12.94,77265,,,,109.14,7.97,29,37.8,,,
Europe,Andorra,5/7/2020,752,1,1,47,1,0.71,9732.74,12.94,12.94,608.3,12.94,77265,,,,109.14,7.97,29,37.8,,,
European Union,Andorra,5/9/2020,754,2,1,48,1,0.57,9758.62,25.89,12.94,621.24,12.94,77265,,,,109.14,7.97,29,37.8,,,
European Union,Andorra,5/13/2020,760,2,1.29,49,1,0.43,9836.28,25.89,16.64,634.18,12.94,77265,,,,109.14,7.97,29,37.8,,,
European Union,Andorra,5/16/2020,761,0,1,51,2,0.43,9849.22,0,12.94,660.07,25.89,77265,,,,109.14,7.97,29,37.8,,,
European Union,Andorra,6/16/2020,854,1,0.29,52,1,0.14,11052.87,12.94,3.7,673.01,12.94,77265,,,,109.14,7.97,29,37.8,,,
European Union,Andorra,8/12/2020,977,14,5.43,53,1,0.14,12644.79,181.2,70.26,685.95,12.94,77265,,,,109.14,7.97,29,37.8,,,
European Union,Andorra,10/8/2020,2568,0,74,54,1,0.14,33236.27,0,957.74,698.89,12.94,77265,,,,109.14,7.97,29,37.8,,,
European Union,Andorra,10/9/2020,2696,128,83.71,55,1,0.29,34892.9,1656.64,1083.47,711.84,12.94,77265,,,,109.14,7.97,29,37.8,,,
European Union,Andorra,10/12/2020,2995,299,89.29,57,2,0.57,38762.7,3869.8,1155.58,737.72,25.89,77265,,,,109.14,7.97,29,37.8,,,
European Union,Andorra,10/14/2020,3190,195,88.86,59,2,0.86,41286.48,2523.78,1150.03,763.61,25.89,77265,,,,109.14,7.97,29,37.8,,,
European Union,Andorra,10/19/2020,3623,246,89.71,62,3,0.71,46890.57,3183.85,1161.13,802.43,38.83,77265,,,,109.14,7.97,29,37.8,,,
European Union,Andorra,10/21/2020,3811,188,88.71,63,1,0.57,49323.76,2433.18,1148.18,815.38,12.94,77265,,,,109.14,7.97,29,37.8,,,
European Union,Andorra,10/23/2020,4038,227,94.43,69,6,1.43,52261.7,2937.94,1222.14,893.03,77.66,77265,,,,109.14,7.97,29,37.8,,,
European Union,Andorra,10/26/2020,4325,287,100.29,72,3,1.43,55976.19,3714.49,1297.95,931.86,38.83,77265,,,,109.14,7.97,29,37.8,,,
European Union,Andorra,10/29/2020,4567,50,108,73,1,1.43,59108.26,647.12,1397.79,944.8,12.94,77265,,,,109.14,7.97,29,37.8,,,
European Union,Andorra,10/30/2020,4665,98,89.57,75,2,0.86,60376.63,1268.36,1159.28,970.69,25.89,77265,,,,109.14,7.97,29,37.8,,,
European Union,Andorra,11/15/2020,5872,147,69.86,76,1,0.14,75998.19,1902.54,904.12,983.63,12.94,77265,,,,109.14,7.97,29,37.8,,,
European Union,Andorra,12/3/2020,6904,62,52.86,77,1,0.14,89354.82,802.43,684.1,996.57,12.94,77265,,,,109.14,7.97,29,37.8,,,
European Union,Andorra,12/5/2020,7005,50,56.43,78,1,0.29,90662.01,647.12,730.33,1009.51,12.94,77265,,,,109.14,7.97,29,37.8,,,
European Union,Andorra,12/13/2020,7338,50,41.14,79,1,0.14,94971.85,647.12,532.49,1022.46,12.94,77265,,,,109.14,7.97,29,37.8,,,
European Union,Andorra,12/18/2020,7519,53,40.43,80,1,0.29,97314.44,685.95,523.25,1035.4,12.94,77265,,,,109.14,7.97,29,37.8,,,
European Union,Andorra,12/20/2020,7577,17,34.14,81,1,0.29,98065.1,220.02,441.89,1048.34,12.94,77265,,,,109.14,7.97,29,37.8,,,
European Union,Andorra,12/22/2020,7633,31,35.86,82,1,0.43,98789.88,401.22,464.08,1061.28,12.94,77265,,,,109.14,7.97,29,37.8,,,
European Union,Andorra,12/24/2020,7699,30,33.29,83,1,0.57,99644.08,388.27,430.8,1074.23,12.94,77265,,,,109.14,7.97,29,37.8,,,
European Union,Andorra,12/29/2020,7919,44,40.86,84,1,0.29,102491.43,569.47,528.79,1087.17,12.94,77265,,,,109.14,7.97,29,37.8,,,
European Union,Andorra,1/9/2021,8586,97,60,85,1,0.14,111124.05,1255.42,776.55,1100.11,12.94,77265,,,,109.14,7.97,29,37.8,,,
European Union,Andorra,1/12/2021,8682,96,53.43,86,1,0.29,112366.53,1242.48,691.5,1113.05,12.94,77265,,,,109.14,7.97,29,37.8,,,
European Union,Andorra,1/13/2021,8818,136,67.14,87,1,0.43,114126.71,1760.18,868.99,1126,12.94,77265,,,,109.14,7.97,29,37.8,,,
European Union,Andorra,1/14/2021,8868,50,74.29,88,1,0.57,114773.83,647.12,961.44,1138.94,12.94,77265,,,,109.14,7.97,29,37.8,,,
European Union,Andorra,1/16/2021,9038,92,64.57,91,3,0.86,116974.05,1190.71,835.71,1177.77,38.83,77265,,,,109.14,7.97,29,37.8,,,
European Union,Andorra,1/19/2021,9194,111,73.14,92,1,0.86,118993.08,1436.61,946.65,1190.71,12.94,77265,,,,109.14,7.97,29,37.8,,,
European Union,Andorra,1/21/2021,9379,71,73,93,1,0.71,121387.43,918.92,944.8,1203.65,12.94,77265,,,,109.14,7.97,29,37.8,,,
European Union,Andorra,1/23/2021,9499,83,65.86,96,3,0.71,122940.53,1074.23,852.35,1242.48,38.83,77265,,,,109.14,7.97,29,37.8,,,
European Union,Andorra,1/25/2021,9596,47,73.29,97,1,0.86,124195.95,608.3,948.5,1255.42,12.94,77265,,,,109.14,7.97,29,37.8,,,
European Union,Andorra,1/27/2021,9716,78,58.29,98,1,0.86,125749.05,1009.51,754.36,1268.36,12.94,77265,,,,109.14,7.97,29,37.8,,,
European Union,Andorra,1/28/2021,9779,63,57.14,100,2,1,126564.42,815.38,739.57,1294.25,25.89,77265,,,,109.14,7.97,29,37.8,,,
European Union,Andorra,1/30/2021,9885,48,55.14,101,1,0.71,127936.32,621.24,713.69,1307.19,12.94,77265,,,,109.14,7.97,29,37.8,,,
European Union,Andorra,2/2/2021,10017,45,54.14,102,1,0.71,129644.73,582.41,700.74,1320.13,12.94,77265,,,,109.14,7.97,29,37.8,,,
European Union,Andorra,2/3/2021,10070,53,50.57,103,1,0.71,130330.68,685.95,654.52,1333.07,12.94,77265,,,,109.14,7.97,29,37.8,,,
European Union,Andorra,2/5/2021,10172,35,47.86,104,1,0.57,131650.81,452.99,619.39,1346.02,12.94,77265,,,,109.14,7.97,29,37.8,,,
European Union,Andorra,2/6/2021,10206,34,45.86,105,1,0.57,132090.86,440.04,593.51,1358.96,12.94,77265,,,,109.14,7.97,29,37.8,,,
European Union,Andorra,2/7/2021,10251,45,44.86,106,1,0.71,132673.27,582.41,580.56,1371.9,12.94,77265,,,,109.14,7.97,29,37.8,,,
European Union,Andorra,2/13/2021,10463,36,36.71,107,1,0.29,135417.07,465.93,475.17,1384.84,12.94,77265,,,,109.14,7.97,29,37.8,,,
European Union,Andorra,2/22/2021,10712,13,24.86,109,2,0.29,138639.75,168.25,321.71,1410.73,25.89,77265,,,,109.14,7.97,29,37.8,,,
European Union,Andorra,2/23/2021,10739,27,26.29,110,1,0.43,138989.19,349.45,340.2,1423.67,12.94,77265,,,,109.14,7.97,29,37.8,,,
European Union,Andorra,3/3/2021,10948,40,24.71,112,2,0.29,141694.17,517.7,319.86,1449.56,25.89,77265,,,,109.14,7.97,29,37.8,,,
European Union,Andorra,3/14/2021,11266,38,32,113,1,0.14,145809.88,491.81,414.16,1462.5,12.94,77265,,,,109.14,7.97,29,37.8,,,
European Union,Andorra,3/24/2021,11638,47,39.71,114,1,0.14,150624.47,608.3,514,1475.44,12.94,77265,,,,109.14,7.97,29,37.8,,,
European Union,Andorra,3/27/2021,11809,77,46.86,115,1,0.29,152837.64,996.57,606.45,1488.38,12.94,77265,,,,109.14,7.97,29,37.8,,,
European Union,Andorra,4/2/2021,12115,62,54.71,116,1,0.29,156798.03,802.43,708.14,1501.33,12.94,77265,,,,109.14,7.97,29,37.8,,,
European Union,Andorra,4/3/2021,12174,59,52.14,117,1,0.29,157561.64,763.61,674.86,1514.27,12.94,77265,,,,109.14,7.97,29,37.8,,,
European Union,Andorra,4/7/2021,12363,35,50.43,119,2,0.57,160007.77,452.99,652.67,1540.15,25.89,77265,,,,109.14,7.97,29,37.8,,,
European Union,Andorra,4/8/2021,12409,46,50.86,120,1,0.71,160603.12,595.35,658.22,1553.1,12.94,77265,,,,109.14,7.97,29,37.8,,,
European Union,Andorra,4/12/2021,12581,36,42.14,121,1,0.57,162829.22,465.93,545.43,1566.04,12.94,77265,,,,109.14,7.97,29,37.8,,,
European Union,Andorra,4/16/2021,12712,71,36.57,123,2,0.43,164524.69,918.92,473.33,1591.92,25.89,77265,,,,109.14,7.97,29,37.8,,,
European Union,Andorra,4/24/2021,13024,17,36.14,124,1,0.14,168562.74,220.02,467.78,1604.87,12.94,77265,,,,109.14,7.97,29,37.8,,,
European Union,Andorra,4/28/2021,13148,27,33,125,1,0.29,170167.61,349.45,427.1,1617.81,12.94,77265,,,,109.14,7.97,29,37.8,,,
Asia,Asia,1/27/2020,2912,807,,82,26,,0.63,0.17,,0.02,0.01,4639847425,,,,,,,,,,
Asia,Asia,1/28/2020,5558,2646,714.57,131,49,16.29,1.2,0.57,0.15,0.03,0.01,4639847425,,,,,,,,,,
Asia,Asia,1/30/2020,8208,2065,1079.14,171,38,21.86,1.77,0.45,0.23,0.04,0.01,4639847425,,,,,,,,,,
Asia,Asia,1/31/2020,9889,1681,1278.86,213,42,26.71,2.13,0.36,0.28,0.05,0.01,4639847425,,,,,,,,,,
Asia,Asia,2/1/2020,11991,2102,1509,259,46,31,2.58,0.45,0.33,0.06,0.01,4639847425,,,,,,,,,,
Asia,Asia,2/3/2020,19827,3089,2416.43,426,64,49.14,4.27,0.67,0.52,0.09,0.01,4639847425,,,,,,,,,,
Asia,Asia,2/4/2020,23836,4009,2611.14,492,66,51.57,5.14,0.86,0.56,0.11,0.01,4639847425,,,,,,,,,,
Asia,Asia,2/26/2020,80059,799,732,2753,57,90.14,17.26,0.17,0.16,0.59,0.01,4639847425,,,,,,,,,,
Asia,Asia,2/27/2020,81151,1092,810.14,2791,38,78,17.49,0.24,0.18,0.6,0.01,4639847425,,,,,,,,,,
Asia,Asia,2/28/2020,82230,1079,877.43,2844,53,85.14,17.72,0.23,0.19,0.61,0.01,4639847425,,,,,,,,,,
Asia,Asia,2/29/2020,83720,1490,844.71,2904,60,64.29,18.04,0.32,0.18,0.63,0.01,4639847425,,,,,,,,,,
Asia,Asia,3/1/2020,85317,1597,1041,2952,48,69.86,18.39,0.34,0.22,0.64,0.01,4639847425,,,,,,,,,,
Asia,Asia,3/2/2020,86700,1383,1169,3017,65,56.86,18.69,0.3,0.25,0.65,0.01,4639847425,,,,,,,,,,
Asia,Asia,3/3/2020,88568,1868,1329.71,3061,44,52.14,19.09,0.4,0.29,0.66,0.01,4639847425,,,,,,,,,,
Asia,Asia,3/4/2020,89798,1230,1391.29,3122,61,52.71,19.35,0.27,0.3,0.67,0.01,4639847425,,,,,,,,,,
Asia,Asia,3/5/2020,91084,1286,1419,3169,47,54,19.63,0.28,0.31,0.68,0.01,4639847425,,,,,,,,,,
Asia,Asia,3/6/2020,93120,2036,1555.71,3223,54,54.14,20.07,0.44,0.34,0.7,0.01,4639847425,,,,,,,,,,
Asia,Asia,3/7/2020,94876,1756,1593.71,3275,52,53,20.45,0.38,0.34,0.71,0.01,4639847425,,,,,,,,,,
Asia,Asia,4/17/2020,358388,12770,11882,14093,1654,547.29,77.24,2.75,2.56,3.04,0.36,4639847425,,,,,,,,,,
Asia,Asia,6/4/2020,1263012,32311,29990.43,33123,582,563.57,272.21,6.96,6.46,7.14,0.13,4639847425,,,,,,,,,,
Asia,Asia,6/10/2020,1466581,36520,33697.14,37169,764,661.14,316.08,7.87,7.26,8.01,0.17,4639847425,,,,,,,,,,
Asia,Asia,6/12/2020,1537111,32688,34451.43,38721,726,707.14,331.29,7.05,7.43,8.35,0.16,4639847425,,,,,,,,,,
Asia,Asia,6/13/2020,1576027,38916,35092,39464,743,720,339.67,8.39,7.56,8.51,0.16,4639847425,,,,,,,,,,
Asia,Asia,6/14/2020,1620977,44950,36572.57,40338,874,750.86,349.36,9.69,7.88,8.69,0.19,4639847425,,,,,,,,,,
Asia,Asia,6/16/2020,1696773,38536,38101.71,43777,2529,1053.14,365.7,8.31,8.21,9.44,0.55,4639847425,,,,,,,,,,
Asia,Asia,6/17/2020,1737796,41023,38745,44646,869,1068.14,374.54,8.84,8.35,9.62,0.19,4639847425,,,,,,,,,,
Asia,Asia,6/18/2020,1778904,41108,39211.57,45548,902,1079,383.4,8.86,8.45,9.82,0.19,4639847425,,,,,,,,,,
Asia,Asia,6/19/2020,1821764,42860,40664.71,46498,950,1111,392.63,9.24,8.76,10.02,0.21,4639847425,,,,,,,,,,
Asia,Asia,6/20/2020,1863674,41910,41092.43,47378,880,1130.57,401.67,9.03,8.86,10.21,0.19,4639847425,,,,,,,,,,
Asia,Asia,6/21/2020,1903425,39751,40349.71,48333,955,1142.14,410.23,8.57,8.7,10.42,0.21,4639847425,,,,,,,,,,
Asia,Asia,6/22/2020,1943973,40548,40819.43,49134,801,1126.57,418.97,8.74,8.8,10.59,0.17,4639847425,,,,,,,,,,
Asia,Asia,6/23/2020,1986348,42375,41367.86,50093,959,902.29,428.11,9.13,8.92,10.8,0.21,4639847425,,,,,,,,,,
Asia,Asia,6/24/2020,2030239,43891,41777.57,51108,1015,923.14,437.57,9.46,9,11.02,0.22,4639847425,,,,,,,,,,
Asia,Asia,6/25/2020,2074505,44266,42228.71,52063,955,930.71,447.11,9.54,9.1,11.22,0.21,4639847425,,,,,,,,,,
Asia,Asia,6/28/2020,2214093,46970,44381.14,54823,875,927.14,477.19,10.12,9.57,11.82,0.19,4639847425,,,,,,,,,,
Asia,Asia,6/29/2020,2258551,44458,44939.71,55858,1035,960.57,486.77,9.58,9.69,12.04,0.22,4639847425,,,,,,,,,,
Asia,Asia,6/30/2020,2305204,46653,45550.86,56983,1125,984.29,496.83,10.06,9.82,12.28,0.24,4639847425,,,,,,,,,,
Asia,Asia,7/1/2020,2371987,66783,48821.14,57999,1016,984.43,511.22,14.39,10.52,12.5,0.22,4639847425,,,,,,,,,,
Asia,Asia,7/2/2020,2422565,50578,49722.86,58957,958,984.86,522.12,10.9,10.72,12.71,0.21,4639847425,,,,,,,,,,
Asia,Asia,7/4/2020,2527017,53774,51413.43,61042,1160,1013.43,544.63,11.59,11.08,13.16,0.25,4639847425,,,,,,,,,,
Asia,Asia,7/5/2020,2583149,56132,52722.29,62200,1158,1053.86,556.73,12.1,11.36,13.41,0.25,4639847425,,,,,,,,,,
Asia,Asia,7/6/2020,2633331,50182,53540,63362,1162,1072,567.55,10.82,11.54,13.66,0.25,4639847425,,,,,,,,,,
Asia,Asia,7/7/2020,2683438,50107,54033.43,64521,1159,1076.86,578.35,10.8,11.65,13.91,0.25,4639847425,,,,,,,,,,
Asia,Asia,7/8/2020,2737316,53878,52189.86,65569,1048,1081.43,589.96,11.61,11.25,14.13,0.23,4639847425,,,,,,,,,,
Asia,Asia,7/9/2020,2795194,57878,53232.71,66693,1124,1105.14,602.43,12.47,11.47,14.37,0.24,4639847425,,,,,,,,,,
Asia,Asia,7/10/2020,2851344,56150,54014.43,67774,1081,1127.43,614.53,12.1,11.64,14.61,0.23,4639847425,,,,,,,,,,
Asia,Asia,7/11/2020,2906749,55405,54247.43,68914,1140,1124.57,626.48,11.94,11.69,14.85,0.25,4639847425,,,,,,,,,,
Asia,Asia,7/12/2020,2961581,54832,54061.71,70359,1445,1165.57,638.29,11.82,11.65,15.16,0.31,4639847425,,,,,,,,,,
Asia,Asia,7/13/2020,3018122,56541,54970.14,71538,1179,1168,650.48,12.19,11.85,15.42,0.25,4639847425,,,,,,,,,,
Asia,Asia,7/14/2020,3073006,54884,55652.57,72697,1159,1168,662.31,11.83,11.99,15.67,0.25,4639847425,,,,,,,,,,
Asia,Asia,7/15/2020,3133820,60814,56643.43,73923,1226,1193.43,675.41,13.11,12.21,15.93,0.26,4639847425,,,,,,,,,,
Asia,Asia,7/16/2020,3194381,60561,57026.71,75203,1280,1215.71,688.47,13.05,12.29,16.21,0.28,4639847425,,,,,,,,,,
Asia,Asia,7/17/2020,3258468,64087,58160.57,76554,1351,1254.29,702.28,13.81,12.54,16.5,0.29,4639847425,,,,,,,,,,
Asia,Asia,7/18/2020,3332752,74284,60857.57,78473,1919,1365.57,718.29,16.01,13.12,16.91,0.41,4639847425,,,,,,,,,,
Asia,Asia,7/19/2020,3401206,68454,62803.57,79968,1495,1372.71,733.04,14.75,13.54,17.24,0.32,4639847425,,,,,,,,,,
Asia,Asia,7/20/2020,3462557,61351,63490.71,81371,1403,1404.71,746.27,13.22,13.68,17.54,0.3,4639847425,,,,,,,,,,
Asia,Asia,7/21/2020,3528132,65575,65018,82662,1291,1423.57,760.4,14.13,14.01,17.82,0.28,4639847425,,,,,,,,,,
Asia,Asia,7/22/2020,3599747,71615,66561,84488,1826,1509.29,775.83,15.44,14.35,18.21,0.39,4639847425,,,,,,,,,,
Asia,Asia,7/23/2020,3679586,79839,69315,86015,1527,1544.57,793.04,17.21,14.94,18.54,0.33,4639847425,,,,,,,,,,
Asia,Asia,7/24/2020,3754617,75031,70878.43,87354,1339,1542.86,809.21,16.17,15.28,18.83,0.29,4639847425,,,,,,,,,,
Asia,Asia,7/25/2020,3828958,74341,70886.57,88633,1279,1451.43,825.23,16.02,15.28,19.1,0.28,4639847425,,,,,,,,,,
Asia,Asia,7/26/2020,3901827,72869,71517.29,89949,1316,1425.86,840.94,15.71,15.41,19.39,0.28,4639847425,,,,,,,,,,
Asia,Asia,7/27/2020,3971064,69237,72643.86,91156,1207,1397.86,855.86,14.92,15.66,19.65,0.26,4639847425,,,,,,,,,,
Asia,Asia,7/28/2020,4049031,77967,74414.14,92710,1554,1435.43,872.67,16.8,16.04,19.98,0.34,4639847425,,,,,,,,,,
Asia,Asia,7/29/2020,4126946,77915,75314.14,94003,1293,1359.29,889.46,16.79,16.23,20.26,0.28,4639847425,,,,,,,,,,
Asia,Asia,7/30/2020,4208306,81360,75531.43,95374,1371,1337,906.99,17.54,16.28,20.56,0.3,4639847425,,,,,,,,,,
Asia,Asia,7/31/2020,4296518,88212,77414.43,96726,1352,1338.86,926,19.01,16.69,20.85,0.29,4639847425,,,,,,,,,,
Asia,Asia,8/1/2020,4373956,77438,77856.86,98074,1348,1348.71,942.69,16.69,16.78,21.14,0.29,4639847425,,,,,,,,,,
Asia,Asia,8/2/2020,4455690,81734,79123.29,99367,1293,1345.43,960.31,17.62,17.05,21.42,0.28,4639847425,,,,,,,,,,
Asia,Asia,8/3/2020,4530926,75236,79980.29,101025,1658,1409.86,976.53,16.22,17.24,21.77,0.36,4639847425,,,,,,,,,,
Asia,Asia,8/4/2020,4610248,79322,80173.86,102441,1416,1390.14,993.62,17.1,17.28,22.08,0.31,4639847425,,,,,,,,,,
Asia,Asia,8/5/2020,4696002,85754,81293.71,103915,1474,1416,1012.1,18.48,17.52,22.4,0.32,4639847425,,,,,,,,,,
Asia,Asia,8/6/2020,4786745,90743,82634.14,105309,1394,1419.29,1031.66,19.56,17.81,22.7,0.3,4639847425,,,,,,,,,,
Asia,Asia,8/7/2020,4877477,90732,82994.14,106740,1431,1430.57,1051.22,19.56,17.89,23.01,0.31,4639847425,,,,,,,,,,
Asia,Asia,8/8/2020,4968470,90993,84930.57,108089,1349,1430.71,1070.83,19.61,18.31,23.3,0.29,4639847425,,,,,,,,,,
Asia,Asia,8/9/2020,5055071,86601,85625.86,109637,1548,1467.14,1089.49,18.67,18.45,23.63,0.33,4639847425,,,,,,,,,,
Asia,Asia,8/10/2020,5136490,81419,86509.14,111340,1703,1473.57,1107.04,17.55,18.65,24,0.37,4639847425,,,,,,,,,,
Asia,Asia,8/11/2020,5222202,85712,87422,112698,1358,1465.29,1125.51,18.47,18.84,24.29,0.29,4639847425,,,,,,,,,,
Asia,Asia,8/12/2020,5317620,95418,88802.57,114255,1557,1477.14,1146.08,20.57,19.14,24.63,0.34,4639847425,,,,,,,,,,
Asia,Asia,8/13/2020,5410128,92508,89054.71,115760,1505,1493,1166.01,19.94,19.19,24.95,0.32,4639847425,,,,,,,,,,
Asia,Asia,8/14/2020,5504941,94813,89637.71,117233,1473,1499,1186.45,20.44,19.32,25.27,0.32,4639847425,,,,,,,,,,
Asia,Asia,8/15/2020,5596280,91339,89687.14,118830,1597,1534.43,1206.13,19.69,19.33,25.61,0.34,4639847425,,,,,,,,,,
Asia,Asia,8/16/2020,5680047,83767,89282.29,120322,1492,1526.43,1224.19,18.05,19.24,25.93,0.32,4639847425,,,,,,,,,,
Asia,Asia,8/17/2020,5757967,77920,88782.43,121687,1365,1478.14,1240.98,16.79,19.14,26.23,0.29,4639847425,,,,,,,,,,
Asia,Asia,8/18/2020,5851042,93075,89834.29,123462,1775,1537.71,1261.04,20.06,19.36,26.61,0.38,4639847425,,,,,,,,,,
Asia,Asia,8/19/2020,5949467,98425,90263.86,125046,1584,1541.57,1282.26,21.21,19.45,26.95,0.34,4639847425,,,,,,,,,,
Asia,Asia,8/20/2020,6046387,96920,90894.14,126595,1549,1547.86,1303.14,20.89,19.59,27.28,0.33,4639847425,,,,,,,,,,
Asia,Asia,8/21/2020,6143563,97176,91231.71,127604,1009,1481.57,1324.09,20.94,19.66,27.5,0.22,4639847425,,,,,,,,,,
Asia,Asia,8/22/2020,6238674,95111,91770.57,129021,1417,1455.86,1344.59,20.5,19.78,27.81,0.31,4639847425,,,,,,,,,,
Asia,Asia,8/23/2020,6322721,84047,91810.57,130358,1337,1433.71,1362.7,18.11,19.79,28.1,0.29,4639847425,,,,,,,,,,
Asia,Asia,8/24/2020,6409014,86293,93006.71,131836,1478,1449.86,1381.3,18.6,20.05,28.41,0.32,4639847425,,,,,,,,,,
Asia,Asia,8/25/2020,6491080,82066,91434,133335,1499,1410.43,1398.99,17.69,19.71,28.74,0.32,4639847425,,,,,,,,,,
Asia,Asia,8/26/2020,6604055,112975,93512.57,135017,1682,1424.43,1423.34,24.35,20.15,29.1,0.36,4639847425,,,,,,,,,,
Asia,Asia,8/28/2020,6811550,103903,95426.71,138253,1594,1521.29,1468.06,22.39,20.57,29.8,0.34,4639847425,,,,,,,,,,
Asia,Asia,8/29/2020,6916227,104677,96793.29,139742,1489,1531.57,1490.62,22.56,20.86,30.12,0.32,4639847425,,,,,,,,,,
Asia,Asia,8/30/2020,7019675,103448,99564.86,141291,1549,1561.86,1512.91,22.3,21.46,30.45,0.33,4639847425,,,,,,,,,,
Asia,Asia,8/31/2020,7113877,94202,100694.71,142607,1316,1538.71,1533.21,20.3,21.7,30.74,0.28,4639847425,,,,,,,,,,
Asia,Asia,9/1/2020,7217705,103828,103803.57,144198,1591,1551.86,1555.59,22.38,22.37,31.08,0.34,4639847425,,,,,,,,,,
Asia,Asia,9/2/2020,7328153,110448,103442.57,145864,1666,1549.57,1579.4,23.8,22.29,31.44,0.36,4639847425,,,,,,,,,,
Asia,Asia,9/3/2020,7439687,111534,104577.14,147555,1691,1556.57,1603.43,24.04,22.54,31.8,0.36,4639847425,,,,,,,,,,
Asia,Asia,9/5/2020,7670183,115186,107708,150771,1591,1575.57,1653.11,24.83,23.21,32.5,0.34,4639847425,,,,,,,,,,
Asia,Asia,9/7/2020,7888296,101108,110631.29,154064,1663,1636.71,1700.12,21.79,23.84,33.21,0.36,4639847425,,,,,,,,,,
Asia,Asia,9/8/2020,8006763,118467,112722.57,155735,1671,1648.14,1725.65,25.53,24.29,33.57,0.36,4639847425,,,,,,,,,,
Asia,Asia,9/9/2020,8132397,125634,114892,157546,1811,1668.86,1752.73,27.08,24.76,33.96,0.39,4639847425,,,,,,,,,,
Asia,Asia,9/10/2020,8260297,127900,117230,159375,1829,1688.57,1780.3,27.57,25.27,34.35,0.39,4639847425,,,,,,,,,,
Asia,Asia,9/11/2020,8389357,129060,119194.29,161085,1710,1700.71,1808.11,27.82,25.69,34.72,0.37,4639847425,,,,,,,,,,
Asia,Asia,9/12/2020,8513673,124316,120498.57,162865,1780,1727.71,1834.9,26.79,25.97,35.1,0.38,4639847425,,,,,,,,,,
Asia,Asia,9/13/2020,8634554,120881,121052.29,164576,1711,1739.29,1860.96,26.05,26.09,35.47,0.37,4639847425,,,,,,,,,,
Asia,Asia,9/14/2020,8750387,115833,123155.86,166478,1902,1773.43,1885.92,24.97,26.54,35.88,0.41,4639847425,,,,,,,,,,
Asia,Asia,9/15/2020,8872764,122377,123714.43,168376,1898,1805.86,1912.3,26.38,26.66,36.29,0.41,4639847425,,,,,,,,,,
Asia,Asia,9/16/2020,9003896,131132,124499.86,170256,1880,1815.71,1940.56,28.26,26.83,36.69,0.41,4639847425,,,,,,,,,,
Asia,Asia,9/17/2020,9133487,129591,124741.43,172097,1841,1817.43,1968.49,27.93,26.89,37.09,0.4,4639847425,,,,,,,,,,
Asia,Asia,9/18/2020,9260112,126625,124393.57,173950,1853,1837.86,1995.78,27.29,26.81,37.49,0.4,4639847425,,,,,,,,,,
Asia,Asia,9/19/2020,9383927,123815,124322,175755,1805,1841.43,2022.47,26.69,26.79,37.88,0.39,4639847425,,,,,,,,,,
Asia,Asia,9/20/2020,9501349,117422,123827.86,177532,1777,1850.86,2047.77,25.31,26.69,38.26,0.38,4639847425,,,,,,,,,,
Asia,Asia,9/21/2020,9607296,105947,122415.57,179224,1692,1820.86,2070.61,22.83,26.38,38.63,0.37,4639847425,,,,,,,,,,
Asia,Asia,9/22/2020,9724990,117694,121746.57,180978,1754,1800.29,2095.97,25.37,26.24,39.01,0.38,4639847425,,,,,,,,,,
Asia,Asia,9/23/2020,9848838,123848,120706,182829,1851,1796.14,2122.66,26.69,26.02,39.4,0.4,4639847425,,,,,,,,,,
Asia,Asia,9/24/2020,9972464,123626,119853.86,184612,1783,1787.86,2149.31,26.64,25.83,39.79,0.38,4639847425,,,,,,,,,,
Asia,Asia,9/25/2020,10094975,122511,119266.14,186382,1770,1776,2175.71,26.4,25.71,40.17,0.38,4639847425,,,,,,,,,,
Asia,Asia,9/26/2020,10216931,121956,119000.57,188169,1787,1773.43,2202,26.28,25.65,40.56,0.39,4639847425,,,,,,,,,,
Asia,Asia,9/27/2020,10330314,113383,118423.57,189874,1705,1763.14,2226.43,24.44,25.52,40.92,0.37,4639847425,,,,,,,,,,
Asia,Asia,9/28/2020,10428832,98518,117362.29,191298,1424,1724.86,2247.67,21.23,25.29,41.23,0.31,4639847425,,,,,,,,,,
Asia,Asia,9/29/2020,10542963,114131,116853.29,193220,1922,1748.86,2272.27,24.6,25.19,41.64,0.41,4639847425,,,,,,,,,,
Asia,Asia,9/30/2020,10668654,125691,117116.57,195117,1897,1755.43,2299.35,27.09,25.24,42.05,0.41,4639847425,,,,,,,,,,
Asia,Asia,10/1/2020,10788124,119470,116522.86,196894,1777,1754.57,2325.1,25.75,25.11,42.44,0.38,4639847425,,,,,,,,,,
Asia,Asia,10/2/2020,10905127,117003,115736,198651,1757,1752.71,2350.32,25.22,24.94,42.81,0.38,4639847425,,,,,,,,,,
Asia,Asia,10/3/2020,11012665,107538,113676.29,200205,1554,1719.43,2373.5,23.18,24.5,43.15,0.34,4639847425,,,,,,,,,,
Asia,Asia,10/6/2020,11326772,108624,111972.71,205173,1711,1707.57,2441.2,23.41,24.13,44.22,0.37,4639847425,,,,,,,,,,
Asia,Asia,10/7/2020,11443561,116789,110701,206913,1740,1685.14,2466.37,25.17,23.86,44.6,0.38,4639847425,,,,,,,,,,
Asia,Asia,10/8/2020,11552422,108861,109185.43,208708,1795,1687.71,2489.83,23.46,23.53,44.98,0.39,4639847425,,,,,,,,,,
Asia,Asia,10/9/2020,11659576,107154,107778.43,210361,1653,1672.86,2512.92,23.09,23.23,45.34,0.36,4639847425,,,,,,,,,,
Asia,Asia,10/12/2020,11956970,90422,105546,214994,1406,1647.43,2577.02,19.49,22.75,46.34,0.3,4639847425,,,,,,,,,,
Asia,Asia,10/13/2020,12056751,99781,104282.71,216466,1472,1613.29,2598.52,21.51,22.48,46.65,0.32,4639847425,,,,,,,,,,
Asia,Asia,10/14/2020,12161535,104784,102567.71,218013,1547,1585.71,2621.11,22.58,22.11,46.99,0.33,4639847425,,,,,,,,,,
Asia,Asia,10/15/2020,12263375,101840,101564.71,219675,1662,1566.71,2643.06,21.95,21.89,47.35,0.36,4639847425,,,,,,,,,,
Asia,Asia,10/16/2020,12364045,100670,100638.43,221267,1592,1558,2664.75,21.7,21.69,47.69,0.34,4639847425,,,,,,,,,,
Asia,Asia,10/17/2020,12460581,96536,98987.14,223064,1797,1584,2685.56,20.81,21.33,48.08,0.39,4639847425,,,,,,,,,,
Asia,Asia,10/18/2020,12551918,91337,97910,224401,1337,1544.71,2705.24,19.69,21.1,48.36,0.29,4639847425,,,,,,,,,,
Asia,Asia,10/19/2020,12634255,82337,96755,225845,1444,1550.14,2722.99,17.75,20.85,48.68,0.31,4639847425,,,,,,,,,,
Asia,Asia,10/20/2020,12725049,90794,95471.14,227371,1526,1557.86,2742.56,19.57,20.58,49,0.33,4639847425,,,,,,,,,,
Asia,Asia,10/22/2020,12920629,97135,93893.43,230511,1532,1548,2784.71,20.94,20.24,49.68,0.33,4639847425,,,,,,,,,,
Asia,Asia,10/23/2020,13018153,97524,93444,232100,1589,1547.57,2805.73,21.02,20.14,50.02,0.34,4639847425,,,,,,,,,,
Asia,Asia,10/24/2020,13106871,88718,92327.14,233498,1398,1490.57,2824.85,19.12,19.9,50.32,0.3,4639847425,,,,,,,,,,
Asia,Asia,10/25/2020,13191996,85125,91439.71,234794,1296,1484.71,2843.2,18.35,19.71,50.6,0.28,4639847425,,,,,,,,,,
Asia,Asia,10/26/2020,13264641,72645,90055.14,236179,1385,1476.29,2858.85,15.66,19.41,50.9,0.3,4639847425,,,,,,,,,,
Asia,Asia,10/27/2020,13349414,84773,89195,237559,1380,1455.43,2877.12,18.27,19.22,51.2,0.3,4639847425,,,,,,,,,,
Asia,Asia,10/28/2020,13442588,93174,88442,239051,1492,1438.86,2897.21,20.08,19.06,51.52,0.32,4639847425,,,,,,,,,,
Asia,Asia,10/29/2020,13535791,93203,87880.29,240526,1475,1430.71,2917.29,20.09,18.94,51.84,0.32,4639847425,,,,,,,,,,
Asia,Asia,10/30/2020,13627793,92002,87091.43,241923,1397,1403.29,2937.12,19.83,18.77,52.14,0.3,4639847425,,,,,,,,,,
Asia,Asia,10/31/2020,13714627,86834,86822.29,243328,1405,1404.29,2955.84,18.72,18.71,52.44,0.3,4639847425,,,,,,,,,,
Asia,Asia,11/1/2020,13802128,87501,87161.71,244761,1433,1423.86,2974.69,18.86,18.79,52.75,0.31,4639847425,,,,,,,,,,
Asia,Asia,11/2/2020,13885290,83162,88664.14,246233,1472,1436.29,2992.62,17.92,19.11,53.07,0.32,4639847425,,,,,,,,,,
Asia,Asia,11/3/2020,13978280,92990,89838,247803,1570,1463.43,3012.66,20.04,19.36,53.41,0.34,4639847425,,,,,,,,,,
Asia,Asia,11/4/2020,14075510,97230,90417.43,249549,1746,1499.71,3033.62,20.96,19.49,53.78,0.38,4639847425,,,,,,,,,,
Asia,Asia,11/6/2020,14273605,101563,92258.86,252757,1588,1547.71,3076.31,21.89,19.88,54.48,0.34,4639847425,,,,,,,,,,
Asia,Asia,11/7/2020,14367339,93734,93244.57,254234,1477,1558,3096.51,20.2,20.1,54.79,0.32,4639847425,,,,,,,,,,
Asia,Asia,11/8/2020,14462146,94807,94288.29,255725,1491,1566.29,3116.94,20.43,20.32,55.12,0.32,4639847425,,,,,,,,,,
Asia,Asia,11/9/2020,14547743,85597,94636.14,257261,1536,1575.43,3135.39,18.45,20.4,55.45,0.33,4639847425,,,,,,,,,,