continent,location,date,new_tests,total_tests,total_tests_per_thousand,new_tests_per_thousand,positive_rate,tests_per_case,total_vaccinations,people_vaccinated,people_fully_vaccinated,new_vaccinations,total_vaccinations_per_hundred,people_vaccinated_per_hundred,people_fully_vaccinated_per_hundred,new_vaccinations_smoothed_per_million,median_age,aged_65_older,aged_70_older,gdp_per_capita,cardiovasc_death_rate,diabetes_prevalence,handwashing_facilities,life_expectancy,human_development_index
Europe,Andorra,11/2/2020,,85772,1110.102,,,,,,,,,,,,,,,,109.135,7.97,,83.73,0.868
Europe,Andorra,11/9/2020,,92183,1193.076,,0.086,11.7,,,,,,,,,,,,,109.135,7.97,,83.73,0.868
Europe,Andorra,11/16/2020,,97416,1260.804,,0.091,11,,,,,,,,,,,,,109.135,7.97,,83.73,0.868
Europe,Andorra,1/4/2021,,127577,1651.162,,,,,,,,,,,,,,,,109.135,7.97,,83.73,0.868
Europe,Andorra,1/11/2021,,130657,1691.024,,0.109,9.1,,,,,,,,,,,,,109.135,7.97,,83.73,0.868
Europe,Andorra,1/18/2021,,134259,1737.643,,0.138,7.3,,,,,,,,,,,,,109.135,7.97,,83.73,0.868
Europe,Andorra,1/25/2021,,140701,1821.019,,0.08,12.6,576,576,,,0.75,0.75,,,,,,,109.135,7.97,,83.73,0.868
Europe,Andorra,2/1/2021,,144933,1875.791,,0.089,11.3,1036,1036,,,1.34,1.34,,854,,,,,109.135,7.97,,83.73,0.868
Europe,Andorra,2/8/2021,,148604,1923.303,,0.083,12.1,,,,,,,,362,,,,,109.135,7.97,,83.73,0.868
Europe,Andorra,2/15/2021,,152578,1974.736,,0.066,15.1,,,,,,,,1126,,,,,109.135,7.97,,83.73,0.868
Europe,Andorra,2/22/2021,,154962,2005.591,,0.073,13.7,,,,,,,,828,,,,,109.135,7.97,,83.73,0.868
Europe,Andorra,3/1/2021,,157356,2036.575,,0.074,13.5,,,,,,,,1035,,,,,109.135,7.97,,83.73,0.868
Europe,Andorra,3/8/2021,,159725,2067.236,,0.076,13.1,3611,2439,1172,,4.67,3.16,1.52,1398,,,,,109.135,7.97,,83.73,0.868
Europe,Andorra,3/15/2021,,162071,2097.599,,0.094,10.7,8363,7098,1265,,10.82,9.19,1.64,8788,,,,,109.135,7.97,,83.73,0.868
Europe,Andorra,3/22/2021,,164665,2131.172,,0.099,10.1,,,,,,,,2809,,,,,109.135,7.97,,83.73,0.868
Europe,Andorra,3/29/2021,,168244,2177.493,,0.096,10.4,,,,,,,,2550,,,,,109.135,7.97,,83.73,0.868
Europe,Andorra,4/5/2021,,171485,2219.44,,0.123,8.1,15269,9781,4484,2829,19.76,12.66,5.8,7416,,,,,109.135,7.97,,83.73,0.868
Europe,Andorra,4/12/2021,,173789,2249.259,,0.128,7.8,19064,,,1973,24.67,,,7015,,,,,109.135,7.97,,83.73,0.868
Europe,Andorra,4/19/2021,,177079,2291.84,,0.068,14.7,26414,21733,4681,,34.19,28.13,6.06,13590,,,,,109.135,7.97,,83.73,0.868
Europe,Andorra,4/26/2021,,180633,2337.837,,0.078,12.8,,,,,,,,,,,,,109.135,7.97,,83.73,0.868
Europe,Liechtenstein,5/23/2020,15,15,0.393,0.393,0,,,,,,,,,,,,,,,7.77,,82.49,0.919
Europe,Liechtenstein,5/24/2020,5,20,0.524,0.131,0,,,,,,,,,,,,,,,7.77,,82.49,0.919
Europe,Liechtenstein,5/25/2020,126,146,3.828,3.304,0,,,,,,,,,,,,,,,7.77,,82.49,0.919
Europe,Liechtenstein,5/26/2020,115,261,6.844,3.015,0,,,,,,,,,,,,,,,7.77,,82.49,0.919
Europe,Liechtenstein,5/27/2020,94,355,9.309,2.465,0,,,,,,,,,,,,,,,7.77,,82.49,0.919
Europe,Liechtenstein,5/28/2020,40,395,10.357,1.049,0,,,,,,,,,,,,,,,7.77,,82.49,0.919
Europe,Liechtenstein,5/29/2020,29,424,11.118,0.76,0,,,,,,,,,,,,,,,7.77,,82.49,0.919
Europe,Liechtenstein,5/30/2020,3,427,11.196,0.079,0,,,,,,,,,,,,,,,7.77,,82.49,0.919
Europe,Liechtenstein,5/31/2020,14,441,11.564,0.367,0,,,,,,,,,,,,,,,7.77,,82.49,0.919
Europe,Liechtenstein,6/1/2020,10,451,11.826,0.262,0,,,,,,,,,,,,,,,7.77,,82.49,0.919
Europe,Liechtenstein,6/2/2020,147,598,15.68,3.855,0,,,,,,,,,,,,,,,7.77,,82.49,0.919
Europe,Liechtenstein,6/3/2020,108,706,18.512,2.832,0,,,,,,,,,,,,,,,7.77,,82.49,0.919
Europe,Liechtenstein,6/4/2020,76,782,20.505,1.993,0,,,,,,,,,,,,,,,7.77,,82.49,0.919
Europe,Liechtenstein,6/5/2020,22,804,21.082,0.577,0,,,,,,,,,,,,,,,7.77,,82.49,0.919
Europe,Liechtenstein,6/6/2020,4,808,21.187,0.105,0,,,,,,,,,,,,,,,7.77,,82.49,0.919
Europe,Liechtenstein,6/7/2020,12,820,21.501,0.315,0,,,,,,,,,,,,,,,7.77,,82.49,0.919
Europe,Liechtenstein,6/8/2020,111,931,24.412,2.911,0,,,,,,,,,,,,,,,7.77,,82.49,0.919
Europe,Liechtenstein,6/9/2020,82,1013,26.562,2.15,0,,,,,,,,,,,,,,,7.77,,82.49,0.919
Europe,Liechtenstein,6/10/2020,78,1091,28.607,2.045,0,,,,,,,,,,,,,,,7.77,,82.49,0.919
Europe,Liechtenstein,6/11/2020,5,1096,28.738,0.131,0,,,,,,,,,,,,,,,7.77,,82.49,0.919
Europe,Liechtenstein,6/12/2020,19,1115,29.237,0.498,0,,,,,,,,,,,,,,,7.77,,82.49,0.919
Europe,Liechtenstein,6/13/2020,2,1117,29.289,0.052,0,,,,,,,,,,,,,,,7.77,,82.49,0.919
Europe,Liechtenstein,6/14/2020,7,1124,29.473,0.184,0,,,,,,,,,,,,,,,7.77,,82.49,0.919
Europe,Liechtenstein,6/15/2020,129,1253,32.855,3.383,0,,,,,,,,,,,,,,,7.77,,82.49,0.919
Europe,Liechtenstein,6/16/2020,116,1369,35.897,3.042,0,,,,,,,,,,,,,,,7.77,,82.49,0.919
Europe,Liechtenstein,6/17/2020,92,1461,38.309,2.412,0,,,,,,,,,,,,,,,7.77,,82.49,0.919
Europe,Liechtenstein,6/18/2020,30,1491,39.096,0.787,0,,,,,,,,,,,,,,,7.77,,82.49,0.919
Europe,Liechtenstein,6/19/2020,29,1520,39.856,0.76,0,,,,,,,,,,,,,,,7.77,,82.49,0.919
Europe,Liechtenstein,6/20/2020,1,1521,39.883,0.026,0,,,,,,,,,,,,,,,7.77,,82.49,0.919
Europe,Liechtenstein,6/21/2020,6,1527,40.04,0.157,0,,,,,,,,,,,,,,,7.77,,82.49,0.919
Europe,Liechtenstein,6/22/2020,37,1564,41.01,0.97,0,,,,,,,,,,,,,,,7.77,,82.49,0.919
Europe,Liechtenstein,6/23/2020,32,1596,41.849,0.839,0,,,,,,,,,,,,,,,7.77,,82.49,0.919
Europe,Liechtenstein,6/24/2020,34,1630,42.741,0.892,0,,,,,,,,,,,,,,,7.77,,82.49,0.919
Europe,Liechtenstein,6/25/2020,23,1653,43.344,0.603,0,,,,,,,,,,,,,,,7.77,,82.49,0.919
Europe,Liechtenstein,6/26/2020,25,1678,43.999,0.656,0,,,,,,,,,,,,,,,7.77,,82.49,0.919
Europe,Liechtenstein,6/27/2020,2,1680,44.052,0.052,0,,,,,,,,,,,,,,,7.77,,82.49,0.919
Europe,Liechtenstein,6/28/2020,1,1681,44.078,0.026,0,,,,,,,,,,,,,,,7.77,,82.49,0.919
Europe,Liechtenstein,6/29/2020,150,1831,48.011,3.933,0,,,,,,,,,,,,,,,7.77,,82.49,0.919
Europe,Liechtenstein,6/30/2020,103,1934,50.712,2.701,0,,,,,,,,,,,,,,,7.77,,82.49,0.919
Europe,Liechtenstein,7/1/2020,97,2031,53.255,2.543,0.002,500,,,,,,,,,,,,,,7.77,,82.49,0.919
Europe,Liechtenstein,7/2/2020,60,2091,54.829,1.573,0.002,500,,,,,,,,,,,,,,7.77,,82.49,0.919
Europe,Liechtenstein,7/3/2020,38,2129,55.825,0.996,0.002,500,,,,,,,,,,,,,,7.77,,82.49,0.919
Europe,Liechtenstein,7/4/2020,8,2137,56.035,0.21,0.002,500,,,,,,,,,,,,,,7.77,,82.49,0.919
Europe,Liechtenstein,7/5/2020,19,2156,56.533,0.498,0.004,250,,,,,,,,,,,,,,7.77,,82.49,0.919
Europe,Liechtenstein,7/6/2020,42,2198,57.634,1.101,0.005,200,,,,,,,,,,,,,,7.77,,82.49,0.919
Europe,Liechtenstein,7/7/2020,35,2233,58.552,0.918,0.007,142.9,,,,,,,,,,,,,,7.77,,82.49,0.919
Europe,Liechtenstein,7/8/2020,32,2265,59.391,0.839,0.004,250,,,,,,,,,,,,,,7.77,,82.49,0.919
Europe,Liechtenstein,7/9/2020,24,2289,60.02,0.629,0.005,200,,,,,,,,,,,,,,7.77,,82.49,0.919
Europe,Liechtenstein,7/10/2020,26,2315,60.702,0.682,0.005,200,,,,,,,,,,,,,,7.77,,82.49,0.919
Europe,Liechtenstein,7/11/2020,4,2319,60.807,0.105,0.005,200,,,,,,,,,,,,,,7.77,,82.49,0.919
Europe,Liechtenstein,7/12/2020,15,2334,61.2,0.393,0,,,,,,,,,,,,,,,7.77,,82.49,0.919
Europe,Liechtenstein,7/13/2020,145,2479,65.002,3.802,0,,,,,,,,,,,,,,,7.77,,82.49,0.919
Europe,Liechtenstein,7/14/2020,87,2566,67.284,2.281,0,,,,,,,,,,,,,,,7.77,,82.49,0.919
Europe,Liechtenstein,7/15/2020,73,2639,69.198,1.914,0,,,,,,,,,,,,,,,7.77,,82.49,0.919
Europe,Liechtenstein,7/16/2020,36,2675,70.142,0.944,0.003,333.3,,,,,,,,,,,,,,7.77,,82.49,0.919
Europe,Liechtenstein,7/17/2020,38,2713,71.138,0.996,0.005,200,,,,,,,,,,,,,,7.77,,82.49,0.919
Europe,Liechtenstein,7/18/2020,7,2720,71.322,0.184,0.005,200,,,,,,,,,,,,,,7.77,,82.49,0.919
Europe,Liechtenstein,7/19/2020,12,2732,71.636,0.315,0.005,200,,,,,,,,,,,,,,7.77,,82.49,0.919
Europe,Liechtenstein,7/20/2020,43,2775,72.764,1.128,0.007,142.9,,,,,,,,,,,,,,7.77,,82.49,0.919
Europe,Liechtenstein,7/21/2020,31,2806,73.577,0.813,0.008,125,,,,,,,,,,,,,,7.77,,82.49,0.919
Europe,Liechtenstein,7/22/2020,33,2839,74.442,0.865,0.01,100,,,,,,,,,,,,,,7.77,,82.49,0.919
Europe,Liechtenstein,7/23/2020,27,2866,75.15,0.708,0.005,200,,,,,,,,,,,,,,7.77,,82.49,0.919
Europe,Liechtenstein,7/24/2020,22,2888,75.727,0.577,0,,,,,,,,,,,,,,,7.77,,82.49,0.919
Europe,Liechtenstein,7/25/2020,2,2890,75.779,0.052,0,,,,,,,,,,,,,,,7.77,,82.49,0.919
Europe,Liechtenstein,7/26/2020,10,2900,76.042,0.262,0,,,,,,,,,,,,,,,7.77,,82.49,0.919
Europe,Liechtenstein,7/27/2020,112,3012,78.978,2.937,0.004,250,,,,,,,,,,,,,,7.77,,82.49,0.919
Europe,Liechtenstein,7/28/2020,78,3090,81.024,2.045,0.007,142.9,,,,,,,,,,,,,,7.77,,82.49,0.919
Europe,Liechtenstein,7/29/2020,83,3173,83.2,2.176,0.006,166.7,,,,,,,,,,,,,,7.77,,82.49,0.919
Europe,Liechtenstein,7/30/2020,39,3212,84.223,1.023,0.006,166.7,,,,,,,,,,,,,,7.77,,82.49,0.919
Europe,Liechtenstein,7/31/2020,25,3237,84.878,0.656,0.006,166.7,,,,,,,,,,,,,,7.77,,82.49,0.919
Europe,Liechtenstein,8/1/2020,3,3240,84.957,0.079,0.006,166.7,,,,,,,,,,,,,,7.77,,82.49,0.919
Europe,Liechtenstein,8/2/2020,8,3248,85.167,0.21,0.006,166.7,,,,,,,,,,,,,,7.77,,82.49,0.919
Europe,Liechtenstein,8/3/2020,49,3297,86.451,1.285,0.004,250,,,,,,,,,,,,,,7.77,,82.49,0.919
Europe,Liechtenstein,8/4/2020,24,3321,87.081,0.629,0,,,,,,,,,,,,,,,7.77,,82.49,0.919
Europe,Liechtenstein,8/5/2020,28,3349,87.815,0.734,0,,,,,,,,,,,,,,,7.77,,82.49,0.919
Europe,Liechtenstein,8/6/2020,44,3393,88.969,1.154,0,,,,,,,,,,,,,,,7.77,,82.49,0.919
Europe,Liechtenstein,8/7/2020,33,3426,89.834,0.865,0,,,,,,,,,,,,,,,7.77,,82.49,0.919
Europe,Liechtenstein,8/8/2020,2,3428,89.886,0.052,0,,,,,,,,,,,,,,,7.77,,82.49,0.919
Europe,Liechtenstein,8/9/2020,10,3438,90.149,0.262,0,,,,,,,,,,,,,,,7.77,,82.49,0.919
Europe,Liechtenstein,8/10/2020,131,3569,93.584,3.435,0.004,250,,,,,,,,,,,,,,7.77,,82.49,0.919
Europe,Liechtenstein,8/11/2020,97,3666,96.127,2.543,0.006,166.7,,,,,,,,,,,,,,7.77,,82.49,0.919
Europe,Liechtenstein,8/12/2020,93,3759,98.566,2.439,0.005,200,,,,,,,,,,,,,,7.77,,82.49,0.919
Europe,Liechtenstein,8/13/2020,36,3795,99.51,0.944,0.01,100,,,,,,,,,,,,,,7.77,,82.49,0.919
Europe,Liechtenstein,8/14/2020,39,3834,100.532,1.023,0.01,100,,,,,,,,,,,,,,7.77,,82.49,0.919
Europe,Liechtenstein,8/15/2020,7,3841,100.716,0.184,0.012,83.3,,,,,,,,,,,,,,7.77,,82.49,0.919
Europe,Liechtenstein,8/16/2020,27,3868,101.424,0.708,0.019,52.6,,,,,,,,,,,,,,7.77,,82.49,0.919
Europe,Liechtenstein,8/17/2020,58,3926,102.945,1.521,0.022,45.5,,,,,,,,,,,,,,7.77,,82.49,0.919
Europe,Liechtenstein,8/18/2020,53,3979,104.334,1.39,0.026,38.5,,,,,,,,,,,,,,7.77,,82.49,0.919
Europe,Liechtenstein,8/19/2020,45,4024,105.514,1.18,0.03,33.3,,,,,,,,,,,,,,7.77,,82.49,0.919
Europe,Liechtenstein,8/20/2020,101,4125,108.163,2.648,0.021,47.6,,,,,,,,,,,,,,7.77,,82.49,0.919
Europe,Liechtenstein,8/21/2020,48,4173,109.421,1.259,0.021,47.6,,,,,,,,,,,,,,7.77,,82.49,0.919
Europe,Liechtenstein,8/22/2020,5,4178,109.552,0.131,0.018,55.6,,,,,,,,,,,,,,7.77,,82.49,0.919
Europe,Liechtenstein,8/23/2020,14,4192,109.92,0.367,0.012,83.3,,,,,,,,,,,,,,7.77,,82.49,0.919
Europe,Liechtenstein,8/24/2020,167,4359,114.298,4.379,0.014,71.4,,,,,,,,,,,,,,7.77,,82.49,0.919
Europe,Liechtenstein,8/25/2020,107,4466,117.104,2.806,0.014,71.4,,,,,,,,,,,,,,7.77,,82.49,0.919
Europe,Liechtenstein,8/26/2020,102,4568,119.779,2.675,0.015,66.7,,,,,,,,,,,,,,7.77,,82.49,0.919
Europe,Liechtenstein,8/27/2020,78,4646,121.824,2.045,0.015,66.7,,,,,,,,,,,,,,7.77,,82.49,0.919
Europe,Liechtenstein,8/28/2020,111,4757,124.735,2.911,0.014,71.4,,,,,,,,,,,,,,7.77,,82.49,0.919
Europe,Liechtenstein,8/29/2020,5,4762,124.866,0.131,0.015,66.7,,,,,,,,,,,,,,7.77,,82.49,0.919
Europe,Liechtenstein,8/30/2020,27,4789,125.574,0.708,0.013,76.9,,,,,,,,,,,,,,7.77,,82.49,0.919
Europe,Liechtenstein,8/31/2020,150,4939,129.507,3.933,0.009,111.1,,,,,,,,,,,,,,7.77,,82.49,0.919
Europe,Liechtenstein,9/1/2020,131,5070,132.942,3.435,0.005,200,,,,,,,,,,,,,,7.77,,82.49,0.919
Europe,Liechtenstein,9/2/2020,161,5231,137.163,4.222,0.003,333.3,,,,,,,,,,,,,,7.77,,82.49,0.919
Europe,Liechtenstein,9/3/2020,138,5369,140.782,3.619,0.001,1000,,,,,,,,,,,,,,7.77,,82.49,0.919
Europe,Liechtenstein,9/4/2020,95,5464,143.273,2.491,0.001,1000,,,,,,,,,,,,,,7.77,,82.49,0.919
Europe,Liechtenstein,9/5/2020,11,5475,143.561,0.288,0,,,,,,,,,,,,,,,7.77,,82.49,0.919
Europe,Liechtenstein,9/6/2020,10,5485,143.824,0.262,0,,,,,,,,,,,,,,,7.77,,82.49,0.919
Europe,Liechtenstein,9/7/2020,203,5688,149.146,5.323,0,,,,,,,,,,,,,,,7.77,,82.49,0.919
Europe,Liechtenstein,9/8/2020,40,5728,150.195,1.049,0.002,500,,,,,,,,,,,,,,7.77,,82.49,0.919
Europe,Liechtenstein,9/9/2020,196,5924,155.335,5.139,0.001,1000,,,,,,,,,,,,,,7.77,,82.49,0.919
Europe,Liechtenstein,9/10/2020,153,6077,159.347,4.012,0.001,1000,,,,,,,,,,,,,,7.77,,82.49,0.919
Europe,Liechtenstein,9/11/2020,182,6259,164.119,4.772,0.004,250,,,,,,,,,,,,,,7.77,,82.49,0.919
Europe,Liechtenstein,9/12/2020,4,6263,164.224,0.105,0.004,250,,,,,,,,,,,,,,7.77,,82.49,0.919
Europe,Liechtenstein,9/13/2020,20,6283,164.748,0.524,0.004,250,,,,,,,,,,,,,,7.77,,82.49,0.919
Europe,Liechtenstein,9/14/2020,142,6425,168.472,3.723,0.004,250,,,,,,,,,,,,,,7.77,,82.49,0.919
Europe,Liechtenstein,9/15/2020,108,6533,171.303,2.832,0.002,500,,,,,,,,,,,,,,7.77,,82.49,0.919
Europe,Liechtenstein,9/16/2020,125,6658,174.581,3.278,0.004,250,,,,,,,,,,,,,,7.77,,82.49,0.919
Europe,Liechtenstein,9/17/2020,126,6784,177.885,3.304,0.004,250,,,,,,,,,,,,,,7.77,,82.49,0.919
Europe,Liechtenstein,9/18/2020,74,6858,179.825,1.94,0.003,333.3,,,,,,,,,,,,,,7.77,,82.49,0.919
Europe,Liechtenstein,9/19/2020,3,6861,179.904,0.079,0.003,333.3,,,,,,,,,,,,,,7.77,,82.49,0.919
Europe,Liechtenstein,9/20/2020,24,6885,180.533,0.629,0.005,200,,,,,,,,,,,,,,7.77,,82.49,0.919
Europe,Liechtenstein,9/21/2020,179,7064,185.227,4.694,0.008,125,,,,,,,,,,,,,,7.77,,82.49,0.919
Europe,Liechtenstein,9/22/2020,157,7221,189.344,4.117,0.009,111.1,,,,,,,,,,,,,,7.77,,82.49,0.919
Europe,Liechtenstein,9/23/2020,163,7384,193.618,4.274,0.007,142.9,,,,,,,,,,,,,,7.77,,82.49,0.919
Europe,Liechtenstein,9/24/2020,99,7483,196.214,2.596,0.009,111.1,,,,,,,,,,,,,,7.77,,82.49,0.919
Europe,Liechtenstein,9/25/2020,123,7606,199.439,3.225,0.008,125,,,,,,,,,,,,,,7.77,,82.49,0.919
Europe,Liechtenstein,9/26/2020,6,7612,199.596,0.157,0.008,125,,,,,,,,,,,,,,7.77,,82.49,0.919
Europe,Liechtenstein,9/27/2020,19,7631,200.094,0.498,0.007,142.9,,,,,,,,,,,,,,7.77,,82.49,0.919
Europe,Liechtenstein,9/28/2020,120,7751,203.241,3.147,0.006,166.7,,,,,,,,,,,,,,7.77,,82.49,0.919
Europe,Liechtenstein,9/29/2020,53,7804,204.631,1.39,0.005,200,,,,,,,,,,,,,,7.77,,82.49,0.919
Europe,Liechtenstein,9/30/2020,102,7906,207.305,2.675,0.006,166.7,,,,,,,,,,,,,,7.77,,82.49,0.919
Europe,Liechtenstein,10/1/2020,96,8002,209.822,2.517,0.008,125,,,,,,,,,,,,,,7.77,,82.49,0.919
Europe,Liechtenstein,10/2/2020,66,8068,211.553,1.731,0.013,76.9,,,,,,,,,,,,,,7.77,,82.49,0.919
Europe,Liechtenstein,10/3/2020,11,8079,211.842,0.288,0.013,76.9,,,,,,,,,,,,,,7.77,,82.49,0.919
Europe,Liechtenstein,10/4/2020,26,8105,212.523,0.682,0.021,47.6,,,,,,,,,,,,,,7.77,,82.49,0.919
Europe,Liechtenstein,10/5/2020,181,8286,217.269,4.746,0.022,45.5,,,,,,,,,,,,,,7.77,,82.49,0.919
Europe,Liechtenstein,10/6/2020,105,8391,220.023,2.753,0.022,45.5,,,,,,,,,,,,,,7.77,,82.49,0.919
Europe,Liechtenstein,10/7/2020,122,8513,223.222,3.199,0.026,38.5,,,,,,,,,,,,,,7.77,,82.49,0.919
Europe,Liechtenstein,10/8/2020,105,8618,225.975,2.753,0.028,35.7,,,,,,,,,,,,,,7.77,,82.49,0.919
Europe,Liechtenstein,10/9/2020,48,8666,227.233,1.259,0.032,31.2,,,,,,,,,,,,,,7.77,,82.49,0.919
Europe,Liechtenstein,10/10/2020,4,8670,227.338,0.105,0.032,31.2,,,,,,,,,,,,,,7.77,,82.49,0.919
Europe,Liechtenstein,10/11/2020,36,8706,228.282,0.944,0.037,27,,,,,,,,,,,,,,7.77,,82.49,0.919
Europe,Liechtenstein,10/12/2020,102,8808,230.957,2.675,0.063,15.9,,,,,,,,,,,,,,7.77,,82.49,0.919
Europe,Liechtenstein,10/13/2020,97,8905,233.5,2.543,0.082,12.2,,,,,,,,,,,,,,7.77,,82.49,0.919
Europe,Liechtenstein,10/14/2020,108,9013,236.332,2.832,0.1,10,,,,,,,,,,,,,,7.77,,82.49,0.919
Europe,Liechtenstein,10/15/2020,106,9119,239.112,2.779,0.128,7.8,,,,,,,,,,,,,,7.77,,82.49,0.919
Europe,Liechtenstein,10/16/2020,100,9219,241.734,2.622,0.139,7.2,,,,,,,,,,,,,,7.77,,82.49,0.919
Europe,Liechtenstein,10/17/2020,67,9286,243.491,1.757,0.135,7.4,,,,,,,,,,,,,,7.77,,82.49,0.919
Europe,Liechtenstein,10/18/2020,8,9294,243.7,0.21,0.131,7.6,,,,,,,,,,,,,,7.77,,82.49,0.919
Europe,Liechtenstein,10/19/2020,301,9595,251.593,7.893,0.118,8.5,,,,,,,,,,,,,,7.77,,82.49,0.919
Europe,Liechtenstein,10/20/2020,217,9812,257.283,5.69,0.125,8,,,,,,,,,,,,,,7.77,,82.49,0.919
Europe,Liechtenstein,10/21/2020,225,10037,263.183,5.9,0.138,7.2,,,,,,,,,,,,,,7.77,,82.49,0.919
Europe,Liechtenstein,10/22/2020,148,10185,267.063,3.881,0.141,7.1,,,,,,,,,,,,,,7.77,,82.49,0.919
Europe,Liechtenstein,10/23/2020,189,10374,272.019,4.956,0.135,7.4,,,,,,,,,,,,,,7.77,,82.49,0.919
Europe,Liechtenstein,10/24/2020,121,10495,275.192,3.173,0.155,6.5,,,,,,,,,,,,,,7.77,,82.49,0.919
Europe,Liechtenstein,10/25/2020,109,10604,278.05,2.858,0.16,6.2,,,,,,,,,,,,,,7.77,,82.49,0.919
Europe,Liechtenstein,10/26/2020,196,10800,283.19,5.139,0.17,5.9,,,,,,,,,,,,,,7.77,,82.49,0.919
Europe,Liechtenstein,10/27/2020,203,11003,288.512,5.323,0.167,6,,,,,,,,,,,,,,7.77,,82.49,0.919
Europe,Liechtenstein,10/28/2020,153,11156,292.524,4.012,0.176,5.7,,,,,,,,,,,,,,7.77,,82.49,0.919
Europe,Liechtenstein,10/29/2020,140,11296,296.195,3.671,0.177,5.6,,,,,,,,,,,,,,7.77,,82.49,0.919
Europe,Liechtenstein,10/30/2020,138,11434,299.814,3.619,0.191,5.2,,,,,,,,,,,,,,7.77,,82.49,0.919
Europe,Liechtenstein,10/31/2020,79,11513,301.885,2.071,0.189,5.3,,,,,,,,,,,,,,7.77,,82.49,0.919
Europe,Liechtenstein,11/1/2020,75,11588,303.852,1.967,0.195,5.1,,,,,,,,,,,,,,7.77,,82.49,0.919
Europe,Liechtenstein,11/2/2020,305,11893,311.849,7.997,0.196,5.1,,,,,,,,,,,,,,7.77,,82.49,0.919
Europe,Liechtenstein,11/3/2020,229,12122,317.854,6.005,0.2,5,,,,,,,,,,,,,,7.77,,82.49,0.919
Europe,Liechtenstein,11/4/2020,221,12343,323.649,5.795,0.191,5.2,,,,,,,,,,,,,,7.77,,82.49,0.919
Europe,Liechtenstein,11/5/2020,161,12504,327.871,4.222,0.199,5,,,,,,,,,,,,,,7.77,,82.49,0.919
Europe,Liechtenstein,11/6/2020,128,12632,331.227,3.356,0.198,5.1,,,,,,,,,,,,,,7.77,,82.49,0.919
Europe,Liechtenstein,11/7/2020,64,12696,332.905,1.678,0.19,5.3,,,,,,,,,,,,,,7.77,,82.49,0.919
Europe,Liechtenstein,11/8/2020,62,12758,334.531,1.626,0.191,5.2,,,,,,,,,,,,,,7.77,,82.49,0.919
Europe,Liechtenstein,11/9/2020,257,13015,341.27,6.739,0.201,5,,,,,,,,,,,,,,7.77,,82.49,0.919
Europe,Liechtenstein,11/10/2020,164,13179,345.57,4.3,0.218,4.6,,,,,,,,,,,,,,7.77,,82.49,0.919
Europe,Liechtenstein,11/11/2020,148,13327,349.451,3.881,0.216,4.6,,,,,,,,,,,,,,7.77,,82.49,0.919
Europe,Liechtenstein,11/12/2020,114,13441,352.44,2.989,0.207,4.8,,,,,,,,,,,,,,7.77,,82.49,0.919
Europe,Liechtenstein,11/13/2020,81,13522,354.564,2.124,0.219,4.6,,,,,,,,,,,,,,7.77,,82.49,0.919
Europe,Liechtenstein,11/14/2020,84,13606,356.766,2.203,0.218,4.6,,,,,,,,,,,,,,7.77,,82.49,0.919
Europe,Liechtenstein,11/15/2020,42,13648,357.868,1.101,0.21,4.8,,,,,,,,,,,,,,7.77,,82.49,0.919
Europe,Liechtenstein,11/16/2020,223,13871,363.715,5.847,0.194,5.2,,,,,,,,,,,,,,7.77,,82.49,0.919
Europe,Liechtenstein,11/17/2020,215,14086,369.353,5.638,0.179,5.6,,,,,,,,,,,,,,7.77,,82.49,0.919
Europe,Liechtenstein,11/18/2020,163,14249,373.627,4.274,0.174,5.7,,,,,,,,,,,,,,7.77,,82.49,0.919
Europe,Liechtenstein,11/19/2020,120,14369,376.773,3.147,0.175,5.7,,,,,,,,,,,,,,7.77,,82.49,0.919
Europe,Liechtenstein,11/20/2020,100,14469,379.395,2.622,0.161,6.2,,,,,,,,,,,,,,7.77,,82.49,0.919
Europe,Liechtenstein,11/21/2020,61,14530,380.995,1.599,0.162,6.2,,,,,,,,,,,,,,7.77,,82.49,0.919
Europe,Liechtenstein,11/22/2020,73,14603,382.909,1.914,0.18,5.6,,,,,,,,,,,,,,7.77,,82.49,0.919
Europe,Liechtenstein,11/23/2020,247,14850,389.386,6.477,0.175,5.7,,,,,,,,,,,,,,7.77,,82.49,0.919
Europe,Liechtenstein,11/24/2020,180,15030,394.105,4.72,0.168,6,,,,,,,,,,,,,,7.77,,82.49,0.919
Europe,Liechtenstein,11/25/2020,158,15188,398.248,4.143,0.18,5.6,,,,,,,,,,,,,,7.77,,82.49,0.919
Europe,Liechtenstein,11/26/2020,103,15291,400.949,2.701,0.179,5.6,,,,,,,,,,,,,,7.77,,82.49,0.919
Europe,Liechtenstein,11/27/2020,88,15379,403.257,2.307,0.17,5.9,,,,,,,,,,,,,,7.77,,82.49,0.919
Europe,Liechtenstein,11/28/2020,55,15434,404.699,1.442,0.171,5.8,,,,,,,,,,,,,,7.77,,82.49,0.919
Europe,Liechtenstein,11/29/2020,44,15478,405.853,1.154,0.153,6.5,,,,,,,,,,,,,,7.77,,82.49,0.919
Europe,Liechtenstein,11/30/2020,245,15723,412.277,6.424,0.163,6.1,,,,,,,,,,,,,,7.77,,82.49,0.919
Europe,Liechtenstein,12/1/2020,165,15888,416.603,4.327,0.169,5.9,,,,,,,,,,,,,,7.77,,82.49,0.919
Europe,Liechtenstein,12/2/2020,155,16043,420.668,4.064,0.153,6.5,,,,,,,,,,,,,,7.77,,82.49,0.919
Europe,Liechtenstein,12/3/2020,89,16132,423.001,2.334,0.15,6.7,,,,,,,,,,,,,,7.77,,82.49,0.919
Europe,Liechtenstein,12/4/2020,100,16232,425.623,2.622,0.158,6.3,,,,,,,,,,,,,,7.77,,82.49,0.919
Europe,Liechtenstein,12/5/2020,84,16316,427.826,2.203,0.156,6.4,,,,,,,,,,,,,,7.77,,82.49,0.919
Europe,Liechtenstein,12/6/2020,37,16353,428.796,0.97,0.151,6.6,,,,,,,,,,,,,,7.77,,82.49,0.919
Europe,Liechtenstein,12/7/2020,183,16536,433.595,4.798,0.145,6.9,,,,,,,,,,,,,,7.77,,82.49,0.919
Europe,Liechtenstein,12/8/2020,78,16614,435.64,2.045,0.152,6.6,,,,,,,,,,,,,,7.77,,82.49,0.919
Europe,Liechtenstein,12/9/2020,202,16816,440.937,5.297,0.151,6.6,,,,,,,,,,,,,,7.77,,82.49,0.919
Europe,Liechtenstein,12/10/2020,170,16986,445.394,4.458,0.15,6.7,,,,,,,,,,,,,,7.77,,82.49,0.919
Europe,Liechtenstein,12/11/2020,157,17143,449.511,4.117,0.157,6.4,,,,,,,,,,,,,,7.77,,82.49,0.919
Europe,Liechtenstein,12/12/2020,94,17237,451.976,2.465,0.166,6,,,,,,,,,,,,,,7.77,,82.49,0.919
Europe,Liechtenstein,12/13/2020,85,17322,454.205,2.229,0.186,5.4,,,,,,,,,,,,,,7.77,,82.49,0.919
Europe,Liechtenstein,12/14/2020,248,17570,460.707,6.503,0.182,5.5,,,,,,,,,,,,,,7.77,,82.49,0.919
Europe,Liechtenstein,12/15/2020,236,17806,466.896,6.188,0.18,5.6,,,,,,,,,,,,,,7.77,,82.49,0.919
Europe,Liechtenstein,12/16/2020,251,18057,473.477,6.582,0.182,5.5,,,,,,,,,,,,,,7.77,,82.49,0.919
Europe,Liechtenstein,12/17/2020,237,18294,479.692,6.214,0.183,5.5,,,,,,,,,,,,,,7.77,,82.49,0.919
Europe,Liechtenstein,12/18/2020,184,18478,484.516,4.825,0.194,5.2,,,,,,,,,,,,,,7.77,,82.49,0.919
Europe,Liechtenstein,12/19/2020,137,18615,488.109,3.592,0.192,5.2,,,,,,,,,,,,,,7.77,,82.49,0.919
Europe,Liechtenstein,12/20/2020,110,18725,490.993,2.884,0.18,5.6,,,,,,,,,,,,,,7.77,,82.49,0.919
Europe,Liechtenstein,12/21/2020,294,19019,498.702,7.709,0.18,5.6,,,,,,,,,,,,,,7.77,,82.49,0.919
Europe,Liechtenstein,12/22/2020,288,19307,506.254,7.552,0.188,5.3,,,,,,,,,,,,,,7.77,,82.49,0.919
Europe,Liechtenstein,12/23/2020,306,19613,514.277,8.024,0.191,5.2,0,0,,,0,0,,,,,,,,7.77,,82.49,0.919
Europe,Liechtenstein,12/24/2020,194,19807,519.364,5.087,0.194,5.2,0,0,,0,0,0,,0,,,,,,7.77,,82.49,0.919
Europe,Liechtenstein,12/25/2020,104,19911,522.091,2.727,0.191,5.2,0,0,,0,0,0,,0,,,,,,7.77,,82.49,0.919
Europe,Liechtenstein,12/26/2020,92,20003,524.504,2.412,0.191,5.2,0,0,,0,0,0,,0,,,,,,7.77,,82.49,0.919
Europe,Liechtenstein,12/27/2020,126,20129,527.808,3.304,0.194,5.2,0,0,,0,0,0,,0,,,,,,7.77,,82.49,0.919
Europe,Liechtenstein,12/28/2020,283,20412,535.228,7.421,0.197,5.1,0,0,,0,0,0,,0,,,,,,7.77,,82.49,0.919
Europe,Liechtenstein,12/29/2020,200,20612,540.473,5.244,0.191,5.2,0,0,,0,0,0,,0,,,,,,7.77,,82.49,0.919
Europe,Liechtenstein,12/30/2020,191,20803,545.481,5.008,0.195,5.1,0,0,,0,0,0,,0,,,,,,7.77,,82.49,0.919
Europe,Liechtenstein,12/31/2020,136,20939,549.047,3.566,0.196,5.1,0,0,,0,0,0,,0,,,,,,7.77,,82.49,0.919
Europe,Liechtenstein,1/1/2021,67,21006,550.804,1.757,0.19,5.3,0,0,,0,0,0,,0,,,,,,7.77,,82.49,0.919
Europe,Liechtenstein,1/2/2021,70,21076,552.639,1.835,0.192,5.2,0,0,,0,0,0,,0,,,,,,7.77,,82.49,0.919
Europe,Liechtenstein,1/3/2021,60,21136,554.212,1.573,0.198,5.1,0,0,,0,0,0,,0,,,,,,7.77,,82.49,0.919
Europe,Liechtenstein,1/4/2021,276,21412,561.45,7.237,0.188,5.3,2,2,,2,0.01,0.01,,0,,,,,,7.77,,82.49,0.919
Europe,Liechtenstein,1/5/2021,173,21585,565.986,4.536,0.185,5.4,2,2,,0,0.01,0.01,,0,,,,,,7.77,,82.49,0.919
Europe,Liechtenstein,1/6/2021,76,21661,567.979,1.993,0.184,5.4,5,5,,3,0.01,0.01,,26,,,,,,7.77,,82.49,0.919
Europe,Liechtenstein,1/7/2021,171,21832,572.462,4.484,0.16,6.2,6,6,,1,0.02,0.02,,26,,,,,,7.77,,82.49,0.919
Europe,Liechtenstein,1/8/2021,118,21950,575.557,3.094,0.151,6.6,6,6,,0,0.02,0.02,,26,,,,,,7.77,,82.49,0.919
Europe,Liechtenstein,1/9/2021,39,21989,576.579,1.023,0.138,7.2,6,6,,0,0.02,0.02,,26,,,,,,7.77,,82.49,0.919
Europe,Liechtenstein,1/10/2021,51,22040,577.916,1.337,0.127,7.9,6,6,,0,0.02,0.02,,26,,,,,,7.77,,82.49,0.919
Europe,Liechtenstein,1/11/2021,226,22266,583.842,5.926,0.121,8.3,6,6,,0,0.02,0.02,,26,,,,,,7.77,,82.49,0.919
Europe,Liechtenstein,1/12/2021,189,22455,588.798,4.956,0.095,10.5,11,11,,5,0.03,0.03,,26,,,,,,7.77,,82.49,0.919
Europe,Liechtenstein,1/13/2021,143,22598,592.548,3.75,0.082,12.2,11,11,,0,0.03,0.03,,26,,,,,,7.77,,82.49,0.919
Europe,Liechtenstein,1/14/2021,83,22681,594.724,2.176,0.08,12.5,11,11,,0,0.03,0.03,,26,,,,,,7.77,,82.49,0.919
Europe,Liechtenstein,1/15/2021,82,22763,596.874,2.15,0.07,14.3,11,11,,0,0.03,0.03,,26,,,,,,7.77,,82.49,0.919
Europe,Liechtenstein,1/16/2021,71,22834,598.736,1.862,0.065,15.4,11,11,,0,0.03,0.03,,26,,,,,,7.77,,82.49,0.919
Europe,Liechtenstein,1/17/2021,33,22867,599.601,0.865,0.059,16.9,11,11,,0,0.03,0.03,,26,,,,,,7.77,,82.49,0.919
Europe,Liechtenstein,1/18/2021,190,23057,604.583,4.982,0.051,19.6,116,116,,105,0.3,0.3,,420,,,,,,7.77,,82.49,0.919
Europe,Liechtenstein,1/19/2021,152,23209,608.569,3.986,0.052,19.2,191,191,,75,0.5,0.5,,682,,,,,,7.77,,82.49,0.919
Europe,Liechtenstein,1/20/2021,188,23397,613.499,4.93,0.064,15.6,247,247,,56,0.65,0.65,,892,,,,,,7.77,,82.49,0.919
Europe,Liechtenstein,1/21/2021,116,23513,616.54,3.042,0.062,16.1,313,313,,66,0.82,0.82,,1128,,,,,,7.77,,82.49,0.919
Europe,Liechtenstein,1/22/2021,114,23627,619.53,2.989,0.061,16.4,343,343,,30,0.9,0.9,,1232,,,,,,7.77,,82.49,0.919
Europe,Liechtenstein,1/23/2021,60,23687,621.103,1.573,0.061,16.4,343,343,,0,0.9,0.9,,1232,,,,,,7.77,,82.49,0.919
Europe,Liechtenstein,1/24/2021,40,23727,622.152,1.049,0.067,14.9,343,343,,0,0.9,0.9,,1232,,,,,,7.77,,82.49,0.919
Europe,Liechtenstein,1/25/2021,198,23925,627.344,5.192,0.062,16.1,418,418,,75,1.1,1.1,,1128,,,,,,7.77,,82.49,0.919
Europe,Liechtenstein,1/26/2021,224,24149,633.217,5.874,0.066,15.2,463,463,,45,1.21,1.21,,1023,,,,,,7.77,,82.49,0.919
Europe,Liechtenstein,1/27/2021,207,24356,638.645,5.428,0.056,17.9,463,463,,0,1.21,1.21,,813,,,,,,7.77,,82.49,0.919
Europe,Liechtenstein,1/28/2021,130,24486,642.054,3.409,0.064,15.6,651,651,,188,1.71,1.71,,1259,,,,,,7.77,,82.49,0.919
Europe,Liechtenstein,1/29/2021,105,24591,644.807,2.753,0.062,16.1,841,841,,190,2.21,2.21,,1862,,,,,,7.77,,82.49,0.919
Europe,Liechtenstein,1/30/2021,47,24638,646.039,1.232,0.063,15.9,841,841,,0,2.21,2.21,,1862,,,,,,7.77,,82.49,0.919
Europe,Liechtenstein,1/31/2021,51,24689,647.377,1.337,0.055,18.2,841,841,,0,2.21,2.21,,1862,,,,,,7.77,,82.49,0.919
Europe,Liechtenstein,2/1/2021,215,24904,653.014,5.638,0.06,16.7,841,841,,0,2.21,2.21,,1573,,,,,,7.77,,82.49,0.919
Europe,Liechtenstein,2/2/2021,62,24966,654.64,1.626,0.056,17.9,841,841,,0,2.21,2.21,,1416,,,,,,7.77,,82.49,0.919
Europe,Liechtenstein,2/3/2021,211,25177,660.173,5.533,0.05,20,846,841,5,5,2.22,2.21,0.01,1442,,,,,,7.77,,82.49,0.919
Europe,Liechtenstein,2/4/2021,142,25319,663.896,3.723,0.04,25,846,841,5,0,2.22,2.21,0.01,734,,,,,,7.77,,82.49,0.919
Europe,Liechtenstein,2/5/2021,140,25459,667.567,3.671,0.039,25.6,846,841,5,0,2.22,2.21,0.01,26,,,,,,7.77,,82.49,0.919
Europe,Liechtenstein,2/6/2021,46,25505,668.773,1.206,0.039,25.6,846,841,5,0,2.22,2.21,0.01,26,,,,,,7.77,,82.49,0.919
Europe,Liechtenstein,2/7/2021,42,25547,669.874,1.101,0.04,25,846,841,5,0,2.22,2.21,0.01,26,,,,,,7.77,,82.49,0.919
Europe,Liechtenstein,2/8/2021,230,25777,675.905,6.031,0.031,32.3,951,841,110,105,2.49,2.21,0.29,420,,,,,,7.77,,82.49,0.919
Europe,Liechtenstein,2/9/2021,217,25994,681.595,5.69,0.027,37,1026,842,184,75,2.69,2.21,0.48,682,,,,,,7.77,,82.49,0.919
Europe,Liechtenstein,2/10/2021,182,26176,686.368,4.772,0.025,40,1079,844,235,53,2.83,2.21,0.62,865,,,,,,7.77,,82.49,0.919
Europe,Liechtenstein,2/11/2021,151,26327,690.327,3.959,0.026,38.5,1144,844,300,65,3,2.21,0.79,1128,,,,,,7.77,,82.49,0.919
Europe,Liechtenstein,2/12/2021,120,26447,693.474,3.147,0.025,40,1174,844,330,30,3.08,2.21,0.87,1232,,,,,,7.77,,82.49,0.919
Europe,Liechtenstein,2/13/2021,70,26517,695.309,1.835,0.022,45.5,1174,844,330,0,3.08,2.21,0.87,1232,,,,,,7.77,,82.49,0.919
Europe,Liechtenstein,2/14/2021,41,26558,696.384,1.075,0.02,50,1174,844,330,0,3.08,2.21,0.87,1232,,,,,,7.77,,82.49,0.919
Europe,Liechtenstein,2/15/2021,211,26769,701.917,5.533,0.017,58.8,1249,845,404,75,3.28,2.22,1.06,1128,,,,,,7.77,,82.49,0.919
Europe,Liechtenstein,2/16/2021,132,26901,705.378,3.461,0.015,66.7,1494,1046,448,245,3.92,2.74,1.17,1757,,,,,,7.77,,82.49,0.919
Europe,Liechtenstein,2/17/2021,162,27063,709.626,4.248,0.017,58.8,1695,1247,448,201,4.44,3.27,1.17,2307,,,,,,7.77,,82.49,0.919
Europe,Liechtenstein,2/18/2021,123,27186,712.851,3.225,0.019,52.6,1815,1367,448,120,4.76,3.58,1.17,2517,,,,,,7.77,,82.49,0.919
Europe,Liechtenstein,2/19/2021,115,27301,715.866,3.015,0.015,66.7,1815,1367,448,0,4.76,3.58,1.17,2412,,,,,,7.77,,82.49,0.919
Europe,Liechtenstein,2/20/2021,44,27345,717.02,1.154,0.019,52.6,1815,1367,448,0,4.76,3.58,1.17,2412,,,,,,7.77,,82.49,0.919
Europe,Liechtenstein,2/21/2021,48,27393,718.279,1.259,0.023,43.5,1815,1367,448,0,4.76,3.58,1.17,2412,,,,,,7.77,,82.49,0.919
Europe,Liechtenstein,2/22/2021,213,27606,723.864,5.585,0.027,37,2018,1570,448,203,5.29,4.12,1.17,2884,,,,,,7.77,,82.49,0.919
Europe,Liechtenstein,2/23/2021,165,27771,728.19,4.327,0.031,32.3,2222,1774,448,204,5.83,4.65,1.17,2727,,,,,,7.77,,82.49,0.919
Europe,Liechtenstein,2/24/2021,192,27963,733.225,5.034,0.034,29.4,2222,1774,448,0,5.83,4.65,1.17,1967,,,,,,7.77,,82.49,0.919
Europe,Liechtenstein,2/25/2021,133,28096,736.712,3.487,0.032,31.2,2411,1781,630,189,6.32,4.67,1.65,2229,,,,,,7.77,,82.49,0.919
Europe,Liechtenstein,2/26/2021,104,28200,739.439,2.727,0.033,30.3,2601,1781,820,190,6.82,4.67,2.15,2937,,,,,,7.77,,82.49,0.919
Europe,Liechtenstein,2/27/2021,81,28281,741.563,2.124,0.033,30.3,2601,1781,820,0,6.82,4.67,2.15,2937,,,,,,7.77,,82.49,0.919
Europe,Liechtenstein,2/28/2021,45,28326,742.743,1.18,0.033,30.3,2601,1781,820,0,6.82,4.67,2.15,2937,,,,,,7.77,,82.49,0.919
Europe,Liechtenstein,3/1/2021,215,28541,748.381,5.638,0.029,34.5,2601,1781,820,0,6.82,4.67,2.15,2176,,,,,,7.77,,82.49,0.919
Europe,Liechtenstein,3/2/2021,172,28713,752.891,4.51,0.029,34.5,2601,1781,820,0,6.82,4.67,2.15,1416,,,,,,7.77,,82.49,0.919
Europe,Liechtenstein,3/3/2021,165,28878,757.217,4.327,0.031,32.3,2723,1903,820,122,7.14,4.99,2.15,1888,,,,,,7.77,,82.49,0.919
Europe,Liechtenstein,3/4/2021,164,29042,761.518,4.3,0.03,33.3,2919,2099,820,196,7.65,5.5,2.15,1914,,,,,,7.77,,82.49,0.919
Europe,Liechtenstein,3/5/2021,122,29164,764.717,3.199,0.029,34.5,3128,2308,820,209,8.2,6.05,2.15,1967,,,,,,7.77,,82.49,0.919
Europe,Liechtenstein,3/6/2021,40,29204,765.766,1.049,0.027,37,3128,2308,820,0,8.2,6.05,2.15,1967,,,,,,7.77,,82.49,0.919
Europe,Liechtenstein,3/7/2021,57,29261,767.26,1.495,0.025,40,3128,2308,820,0,8.2,6.05,2.15,1967,,,,,,7.77,,82.49,0.919
Europe,Liechtenstein,3/8/2021,227,29488,773.212,5.952,0.022,45.5,3128,2308,820,0,8.2,6.05,2.15,1967,,,,,,7.77,,82.49,0.919
Europe,Liechtenstein,3/9/2021,191,29679,778.221,5.008,0.016,62.5,3339,2518,821,211,8.76,6.6,2.15,2753,,,,,,7.77,,82.49,0.919
Europe,Liechtenstein,3/10/2021,152,29831,782.206,3.986,0.015,66.7,3540,2719,821,201,9.28,7.13,2.15,3068,,,,,,7.77,,82.49,0.919
Europe,Liechtenstein,3/11/2021,167,29998,786.585,4.379,0.015,66.7,3779,2958,821,239,9.91,7.76,2.15,3225,,,,,,7.77,,82.49,0.919
Europe,Liechtenstein,3/12/2021,132,30130,790.046,3.461,0.017,58.8,3779,2958,821,0,9.91,7.76,2.15,2439,,,,,,7.77,,82.49,0.919
Europe,Liechtenstein,3/13/2021,87,30217,792.328,2.281,0.022,45.5,3779,2958,821,0,9.91,7.76,2.15,2439,,,,,,7.77,,82.49,0.919
Europe,Liechtenstein,3/14/2021,77,30294,794.347,2.019,0.022,45.5,3779,2958,821,0,9.91,7.76,2.15,2439,,,,,,7.77,,82.49,0.919
Europe,Liechtenstein,3/15/2021,218,30512,800.063,5.716,0.024,41.7,3789,2968,821,10,9.94,7.78,2.15,2465,,,,,,7.77,,82.49,0.919
Europe,Liechtenstein,3/16/2021,257,30769,806.802,6.739,0.027,37,4004,2983,1021,215,10.5,7.82,2.68,2491,,,,,,7.77,,82.49,0.919
Europe,Liechtenstein,3/17/2021,254,31023,813.462,6.66,0.022,45.5,4236,3001,1235,232,11.11,7.87,3.24,2596,,,,,,7.77,,82.49,0.919
Europe,Liechtenstein,3/18/2021,210,31233,818.968,5.506,0.023,43.5,4366,3012,1354,130,11.45,7.9,3.55,2203,,,,,,7.77,,82.49,0.919
Europe,Liechtenstein,3/19/2021,111,31344,821.879,2.911,0.025,40,4366,3012,1354,0,11.45,7.9,3.55,2203,,,,,,7.77,,82.49,0.919
Europe,Liechtenstein,3/20/2021,65,31409,823.583,1.704,0.022,45.5,4366,3012,1354,0,11.45,7.9,3.55,2203,,,,,,7.77,,82.49,0.919
Europe,Liechtenstein,3/21/2021,69,31478,825.393,1.809,0.021,47.6,4366,3012,1354,0,11.45,7.9,3.55,2203,,,,,,7.77,,82.49,0.919
Europe,Liechtenstein,3/22/2021,248,31726,831.896,6.503,0.022,45.5,4569,3014,1555,203,11.98,7.9,4.08,2911,,,,,,7.77,,82.49,0.919
Europe,Liechtenstein,3/23/2021,236,31962,838.084,6.188,0.024,41.7,4772,3019,1753,203,12.51,7.92,4.6,2884,,,,,,7.77,,82.49,0.919
Europe,Liechtenstein,3/24/2021,229,32191,844.088,6.005,0.025,40,5011,3258,1753,239,13.14,8.54,4.6,2911,,,,,,7.77,,82.49,0.919
Europe,Liechtenstein,3/25/2021,215,32406,849.726,5.638,0.024,41.7,5251,3498,1753,240,13.77,9.17,4.6,3304,,,,,,7.77,,82.49,0.919
Europe,Liechtenstein,3/26/2021,132,32538,853.187,3.461,0.023,43.5,5490,3737,1753,239,14.4,9.8,4.6,4222,,,,,,7.77,,82.49,0.919
Europe,Liechtenstein,3/27/2021,79,32617,855.259,2.071,0.025,40,5490,3737,1753,0,14.4,9.8,4.6,4222,,,,,,7.77,,82.49,0.919
Europe,Liechtenstein,3/28/2021,96,32713,857.776,2.517,0.028,35.7,5490,3737,1753,0,14.4,9.8,4.6,4222,,,,,,7.77,,82.49,0.919
Europe,Liechtenstein,3/29/2021,310,33023,865.905,8.129,0.028,35.7,5729,3976,1753,239,15.02,10.43,4.6,4353,,,,,,7.77,,82.49,0.919
Europe,Liechtenstein,3/30/2021,361,33384,875.37,9.466,0.024,41.7,5979,4217,1762,250,15.68,11.06,4.62,4510,,,,,,7.77,,82.49,0.919
Europe,Liechtenstein,3/31/2021,382,33766,885.387,10.017,0.022,45.5,6101,4217,1884,122,16,11.06,4.94,4091,,,,,,7.77,,82.49,0.919
Europe,Liechtenstein,4/1/2021,272,34038,892.519,7.132,0.021,47.6,6298,4217,2081,197,16.51,11.06,5.46,3933,,,,,,7.77,,82.49,0.919
Europe,Liechtenstein,4/2/2021,200,34238,897.763,5.244,0.023,43.5,6504,4219,2285,206,17.05,11.06,5.99,3802,,,,,,7.77,,82.49,0.919
Europe,Liechtenstein,4/3/2021,212,34450,903.322,5.559,0.022,45.5,6504,4219,2285,0,17.05,11.06,5.99,3802,,,,,,7.77,,82.49,0.919
Europe,Liechtenstein,4/4/2021,128,34578,906.679,3.356,0.024,41.7,6504,4219,2285,0,17.05,11.06,5.99,3802,,,,,,7.77,,82.49,0.919
Europe,Liechtenstein,4/5/2021,114,34692,909.668,2.989,0.026,38.5,6504,4219,2285,0,17.05,11.06,5.99,2911,,,,,,7.77,,82.49,0.919
Europe,Liechtenstein,4/6/2021,336,35028,918.478,8.81,0.027,37,6714,4220,2494,210,17.6,11.07,6.54,2753,,,,,,7.77,,82.49,0.919
Europe,Liechtenstein,4/7/2021,310,35338,926.607,8.129,0.036,27.8,6914,4221,2693,200,18.13,11.07,7.06,3042,,,,,,7.77,,82.49,0.919
Europe,Liechtenstein,4/8/2021,306,35644,934.63,8.024,0.043,23.3,7154,4224,2930,240,18.76,11.08,7.68,3199,,,,,,7.77,,82.49,0.919
Europe,Liechtenstein,4/9/2021,301,35945,942.523,7.893,0.042,23.8,7414,4484,2930,260,19.44,11.76,7.68,3409,,,,,,7.77,,82.49,0.919
Europe,Liechtenstein,4/10/2021,149,36094,946.43,3.907,0.042,23.8,7414,4484,2930,0,19.44,11.76,7.68,3409,,,,,,7.77,,82.49,0.919
Europe,Liechtenstein,4/11/2021,95,36189,948.921,2.491,0.042,23.8,7414,4484,2930,0,19.44,11.76,7.68,3409,,,,,,7.77,,82.49,0.919
Europe,Liechtenstein,4/12/2021,304,36493,956.892,7.971,0.04,25,7693,4753,2940,279,20.17,12.46,7.71,4458,,,,,,7.77,,82.49,0.919
Europe,Liechtenstein,4/13/2021,245,36738,963.316,6.424,0.044,22.7,7968,5017,2951,275,20.89,13.16,7.74,4694,,,,,,7.77,,82.49,0.919
Europe,Liechtenstein,4/14/2021,277,37015,970.58,7.263,0.045,22.2,8275,5305,2970,307,21.7,13.91,7.79,5087,,,,,,7.77,,82.49,0.919
Europe,Liechtenstein,4/15/2021,250,37265,977.135,6.555,0.045,22.2,8572,5590,2982,297,22.48,14.66,7.82,5323,,,,,,7.77,,82.49,0.919
Europe,Liechtenstein,4/16/2021,211,37476,982.668,5.533,0.048,20.8,8860,5876,2984,288,23.23,15.41,7.82,5428,,,,,,7.77,,82.49,0.919
Europe,Liechtenstein,4/17/2021,119,37595,985.788,3.12,0.051,19.6,8860,5876,2984,0,23.23,15.41,7.82,5428,,,,,,7.77,,82.49,0.919
Europe,Liechtenstein,4/18/2021,134,37729,989.302,3.514,0.049,20.4,8860,5876,2984,0,23.23,15.41,7.82,5428,,,,,,7.77,,82.49,0.919
Europe,Liechtenstein,4/19/2021,363,38092,998.82,9.518,0.049,20.4,9418,6428,2990,558,24.7,16.86,7.84,6450,,,,,,7.77,,82.49,0.919
Europe,Liechtenstein,4/20/2021,210,38302,1004.327,5.506,0.051,19.6,9959,6969,2990,541,26.11,18.27,7.84,7447,,,,,,7.77,,82.49,0.919
Europe,Liechtenstein,4/21/2021,287,38589,1011.852,7.526,0.045,22.2,10457,7229,3228,498,27.42,18.96,8.46,8181,,,,,,7.77,,82.49,0.919
Europe,Liechtenstein,4/22/2021,253,38842,1018.486,6.634,0.042,23.8,10960,7489,3471,503,28.74,19.64,9.1,8941,,,,,,7.77,,82.49,0.919
Europe,Liechtenstein,4/23/2021,211,39053,1024.019,5.533,0.045,22.2,11457,7752,3705,497,30.04,20.33,9.71,9728,,,,,,7.77,,82.49,0.919
Europe,Liechtenstein,4/24/2021,108,39161,1026.851,2.832,0.045,22.2,11457,7752,3705,0,30.04,20.33,9.71,9728,,,,,,7.77,,82.49,0.919
Europe,Liechtenstein,4/25/2021,118,39279,1029.945,3.094,0.045,22.2,11457,7752,3705,0,30.04,20.33,9.71,9728,,,,,,7.77,,82.49,0.919
Europe,Liechtenstein,4/26/2021,308,39587,1038.021,8.076,0.049,20.4,11697,7756,3941,240,30.67,20.34,10.33,8548,,,,,,7.77,,82.49,0.919
Europe,Liechtenstein,4/27/2021,260,39847,1044.838,6.818,0.049,20.4,11946,7773,4173,249,31.32,20.38,10.94,7447,,,,,,7.77,,82.49,0.919
Asia,Taiwan,1/16/2020,4,4,0,0,,,,,,,,,,,42.2,,8.353,,103.957,,,80.46,
Asia,Taiwan,1/18/2020,1,5,0,0,,,,,,,,,,,42.2,,8.353,,103.957,,,80.46,
Asia,Taiwan,1/19/2020,1,6,0,0,,,,,,,,,,,42.2,,8.353,,103.957,,,80.46,
Asia,Taiwan,1/20/2020,2,8,0,0,,,,,,,,,,,42.2,,8.353,,103.957,,,80.46,
Asia,Taiwan,1/21/2020,12,20,0.001,0.001,,,,,,,,,,,42.2,,8.353,,103.957,,,80.46,
Asia,Taiwan,1/22/2020,44,64,0.003,0.002,,,,,,,,,,,42.2,,8.353,,103.957,,,80.46,
Asia,Taiwan,1/23/2020,70,134,0.006,0.003,,,,,,,,,,,42.2,,8.353,,103.957,,,80.46,
Asia,Taiwan,1/24/2020,57,191,0.008,0.002,,,,,,,,,,,42.2,,8.353,,103.957,,,80.46,
Asia,Taiwan,1/25/2020,91,282,0.012,0.004,,,,,,,,,,,42.2,,8.353,,103.957,,,80.46,
Asia,Taiwan,1/26/2020,117,399,0.017,0.005,,,,,,,,,,,42.2,,8.353,,103.957,,,80.46,
Asia,Taiwan,1/27/2020,123,522,0.022,0.005,,,,,,,,,,,42.2,,8.353,,103.957,,,80.46,
Asia,Taiwan,1/28/2020,95,617,0.026,0.004,0.012,85,,,,,,,,,42.2,,8.353,,103.957,,,80.46,
Asia,Taiwan,1/29/2020,106,723,0.03,0.004,0.011,94,,,,,,,,,42.2,,8.353,,103.957,,,80.46,
Asia,Taiwan,1/30/2020,100,823,0.035,0.004,0.012,85.7,,,,,,,,,42.2,,8.353,,103.957,,,80.46,
Asia,Taiwan,1/31/2020,93,916,0.038,0.004,0.01,104,,,,,,,,,42.2,,8.353,,103.957,,,80.46,
Asia,Taiwan,2/1/2020,87,1003,0.042,0.004,0.01,103,,,,,,,,,42.2,,8.353,,103.957,,,80.46,
Asia,Taiwan,2/2/2020,64,1067,0.045,0.003,0.009,110.9,,,,,,,,,42.2,,8.353,,103.957,,,80.46,
Asia,Taiwan,2/3/2020,131,1198,0.05,0.006,0.007,135.9,,,,,,,,,42.2,,8.353,,103.957,,,80.46,
Asia,Taiwan,2/4/2020,103,1301,0.055,0.004,0.004,228.4,,,,,,,,,42.2,,8.353,,103.957,,,80.46,
Asia,Taiwan,2/5/2020,157,1458,0.061,0.007,0.004,244.8,,,,,,,,,42.2,,8.353,,103.957,,,80.46,
Asia,Taiwan,2/6/2020,77,1535,0.064,0.003,0.01,102,,,,,,,,,42.2,,8.353,,103.957,,,80.46,
Asia,Taiwan,2/7/2020,199,1734,0.073,0.008,0.007,136.5,,,,,,,,,42.2,,8.353,,103.957,,,80.46,
Asia,Taiwan,2/8/2020,225,1959,0.082,0.009,0.007,137,,,,,,,,,42.2,,8.353,,103.957,,,80.46,
Asia,Taiwan,2/9/2020,128,2087,0.088,0.005,0.008,127.7,,,,,,,,,42.2,,8.353,,103.957,,,80.46,
Asia,Taiwan,2/10/2020,205,2292,0.096,0.009,0.007,136.5,,,,,,,,,42.2,,8.353,,103.957,,,80.46,
Asia,Taiwan,2/11/2020,168,2460,0.103,0.007,0.006,166,,,,,,,,,42.2,,8.353,,103.957,,,80.46,
Asia,Taiwan,2/12/2020,128,2588,0.109,0.005,0.006,161,,,,,,,,,42.2,,8.353,,103.957,,,80.46,
Asia,Taiwan,2/13/2020,115,2703,0.113,0.005,0.002,583.9,,,,,,,,,42.2,,8.353,,103.957,,,80.46,
Asia,Taiwan,2/14/2020,72,2775,0.117,0.003,0.002,521,,,,,,,,,42.2,,8.353,,103.957,,,80.46,
Asia,Taiwan,2/15/2020,89,2864,0.12,0.004,0.001,902.1,,,,,,,,,42.2,,8.353,,103.957,,,80.46,
Asia,Taiwan,2/16/2020,112,2976,0.125,0.005,0.002,444.1,,,,,,,,,42.2,,8.353,,103.957,,,80.46,
Asia,Taiwan,2/17/2020,813,3789,0.159,0.034,0.003,374.8,,,,,,,,,42.2,,8.353,,103.957,,,80.46,
Asia,Taiwan,2/18/2020,832,4621,0.194,0.035,0.002,541.2,,,,,,,,,42.2,,8.353,,103.957,,,80.46,
Asia,Taiwan,2/19/2020,696,5317,0.223,0.029,0.002,546.2,,,,,,,,,42.2,,8.353,,103.957,,,80.46,
Asia,Taiwan,2/20/2020,796,6113,0.257,0.033,0.002,568.3,,,,,,,,,42.2,,8.353,,103.957,,,80.46,
Asia,Taiwan,2/21/2020,714,6827,0.287,0.03,0.002,506.6,,,,,,,,,42.2,,8.353,,103.957,,,80.46,
Asia,Taiwan,2/22/2020,444,7271,0.305,0.019,0.002,551.2,,,,,,,,,42.2,,8.353,,103.957,,,80.46,
Asia,Taiwan,2/23/2020,328,7599,0.319,0.014,0.002,577.4,,,,,,,,,42.2,,8.353,,103.957,,,80.46,
Asia,Taiwan,2/24/2020,698,8297,0.348,0.029,0.002,563.4,,,,,,,,,42.2,,8.353,,103.957,,,80.46,
Asia,Taiwan,2/25/2020,609,8906,0.374,0.026,0.002,475.9,,,,,,,,,42.2,,8.353,,103.957,,,80.46,
Asia,Taiwan,2/26/2020,521,9427,0.396,0.022,0.002,456.5,,,,,,,,,42.2,,8.353,,103.957,,,80.46,
Asia,Taiwan,2/27/2020,520,9947,0.418,0.022,0.002,479.4,,,,,,,,,42.2,,8.353,,103.957,,,80.46,
Asia,Taiwan,2/28/2020,371,10318,0.433,0.016,0.002,436.6,,,,,,,,,42.2,,8.353,,103.957,,,80.46,
Asia,Taiwan,2/29/2020,511,10829,0.455,0.021,0.004,273.6,,,,,,,,,42.2,,8.353,,103.957,,,80.46,
Asia,Taiwan,3/1/2020,430,11259,0.473,0.018,0.003,305.1,,,,,,,,,42.2,,8.353,,103.957,,,80.46,
Asia,Taiwan,3/2/2020,600,11859,0.498,0.025,0.003,324,,,,,,,,,42.2,,8.353,,103.957,,,80.46,
Asia,Taiwan,3/3/2020,506,12365,0.519,0.021,0.003,314.4,,,,,,,,,42.2,,8.353,,103.957,,,80.46,
Asia,Taiwan,3/4/2020,485,12850,0.54,0.02,0.003,342.2,,,,,,,,,42.2,,8.353,,103.957,,,80.46,
Asia,Taiwan,3/5/2020,297,13147,0.552,0.012,0.004,266.6,,,,,,,,,42.2,,8.353,,103.957,,,80.46,
Asia,Taiwan,3/6/2020,381,13528,0.568,0.016,0.003,292.2,,,,,,,,,42.2,,8.353,,103.957,,,80.46,
Asia,Taiwan,3/7/2020,307,13835,0.581,0.013,0.002,500.6,,,,,,,,,42.2,,8.353,,103.957,,,80.46,
Asia,Taiwan,3/8/2020,298,14133,0.593,0.013,0.002,575.6,,,,,,,,,42.2,,8.353,,103.957,,,80.46,
Asia,Taiwan,3/9/2020,476,14609,0.613,0.02,0.001,688.3,,,,,,,,,42.2,,8.353,,103.957,,,80.46,
Asia,Taiwan,3/10/2020,332,14941,0.627,0.014,0.002,515.4,,,,,,,,,42.2,,8.353,,103.957,,,80.46,
Asia,Taiwan,3/11/2020,445,15386,0.646,0.019,0.002,422.4,,,,,,,,,42.2,,8.353,,103.957,,,80.46,
Asia,Taiwan,3/12/2020,677,16063,0.674,0.028,0.002,584,,,,,,,,,42.2,,8.353,,103.957,,,80.46,
Asia,Taiwan,3/13/2020,439,16502,0.693,0.018,0.002,595.2,,,,,,,,,42.2,,8.353,,103.957,,,80.46,
Asia,Taiwan,3/14/2020,379,16881,0.709,0.016,0.003,380.6,,,,,,,,,42.2,,8.353,,103.957,,,80.46,
Asia,Taiwan,3/15/2020,306,17187,0.722,0.013,0.005,218,,,,,,,,,42.2,,8.353,,103.957,,,80.46,
Asia,Taiwan,3/16/2020,730,17917,0.752,0.031,0.007,150.5,,,,,,,,,42.2,,8.353,,103.957,,,80.46,
Asia,Taiwan,3/17/2020,873,18790,0.789,0.037,0.008,128.3,,,,,,,,,42.2,,8.353,,103.957,,,80.46,
Asia,Taiwan,3/18/2020,1197,19987,0.839,0.05,0.011,88.4,,,,,,,,,42.2,,8.353,,103.957,,,80.46,
Asia,Taiwan,3/19/2020,1363,21350,0.896,0.057,0.011,89.6,,,,,,,,,42.2,,8.353,,103.957,,,80.46,
Asia,Taiwan,3/20/2020,1371,22721,0.954,0.058,0.014,73.1,,,,,,,,,42.2,,8.353,,103.957,,,80.46,
Asia,Taiwan,3/21/2020,1047,23768,0.998,0.044,0.015,68.9,,,,,,,,,42.2,,8.353,,103.957,,,80.46,
Asia,Taiwan,3/22/2020,811,24579,1.032,0.034,0.015,67.2,,,,,,,,,42.2,,8.353,,103.957,,,80.46,
Asia,Taiwan,3/23/2020,1139,25718,1.08,0.048,0.016,60.9,,,,,,,,,42.2,,8.353,,103.957,,,80.46,
Asia,Taiwan,3/24/2020,924,26642,1.119,0.039,0.018,56.9,,,,,,,,,42.2,,8.353,,103.957,,,80.46,
Asia,Taiwan,3/25/2020,938,27580,1.158,0.039,0.018,56.3,,,,,,,,,42.2,,8.353,,103.957,,,80.46,
Asia,Taiwan,3/26/2020,929,28509,1.197,0.039,0.02,49.7,,,,,,,,,42.2,,8.353,,103.957,,,80.46,
Asia,Taiwan,3/27/2020,864,29373,1.233,0.036,0.02,50.4,,,,,,,,,42.2,,8.353,,103.957,,,80.46,
Asia,Taiwan,3/28/2020,527,29900,1.255,0.022,0.021,47.2,,,,,,,,,42.2,,8.353,,103.957,,,80.46,
Asia,Taiwan,3/29/2020,835,30735,1.29,0.035,0.021,47.7,,,,,,,,,42.2,,8.353,,103.957,,,80.46,
Asia,Taiwan,3/30/2020,1023,31758,1.333,0.043,0.018,54.4,,,,,,,,,42.2,,8.353,,103.957,,,80.46,
Asia,Taiwan,3/31/2020,924,32682,1.372,0.039,0.018,56.5,,,,,,,,,42.2,,8.353,,103.957,,,80.46,
Asia,Taiwan,4/1/2020,1009,33691,1.415,0.042,0.015,65,,,,,,,,,42.2,,8.353,,103.957,,,80.46,
Asia,Taiwan,4/2/2020,822,34513,1.449,0.035,0.014,69,,,,,,,,,42.2,,8.353,,103.957,,,80.46,
Asia,Taiwan,4/3/2020,880,35393,1.486,0.037,0.013,74.3,,,,,,,,,42.2,,8.353,,103.957,,,80.46,
Asia,Taiwan,4/4/2020,864,36257,1.522,0.036,0.011,88.3,,,,,,,,,42.2,,8.353,,103.957,,,80.46,
Asia,Taiwan,4/5/2020,912,37169,1.561,0.038,0.01,99,,,,,,,,,42.2,,8.353,,103.957,,,80.46,
Asia,Taiwan,4/6/2020,1814,38983,1.637,0.076,0.009,107.8,,,,,,,,,42.2,,8.353,,103.957,,,80.46,
Asia,Taiwan,4/7/2020,1685,40668,1.708,0.071,0.007,147.9,,,,,,,,,42.2,,8.353,,103.957,,,80.46,
Asia,Taiwan,4/8/2020,1628,42296,1.776,0.068,0.006,172.1,,,,,,,,,42.2,,8.353,,103.957,,,80.46,
Asia,Taiwan,4/9/2020,1576,43872,1.842,0.066,0.004,228.3,,,,,,,,,42.2,,8.353,,103.957,,,80.46,
Asia,Taiwan,4/10/2020,1564,45436,1.908,0.066,0.003,295.4,,,,,,,,,42.2,,8.353,,103.957,,,80.46,
Asia,Taiwan,4/11/2020,1091,46527,1.954,0.046,0.003,342.3,,,,,,,,,42.2,,8.353,,103.957,,,80.46,
Asia,Taiwan,4/12/2020,664,47191,1.981,0.028,0.002,401,,,,,,,,,42.2,,8.353,,103.957,,,80.46,
Asia,Taiwan,4/13/2020,1340,48531,2.038,0.056,0.002,477.4,,,,,,,,,42.2,,8.353,,103.957,,,80.46,
Asia,Taiwan,4/14/2020,1204,49735,2.088,0.051,0.002,533.1,,,,,,,,,42.2,,8.353,,103.957,,,80.46,
Asia,Taiwan,4/15/2020,952,50687,2.128,0.04,0.002,524.5,,,,,,,,,42.2,,8.353,,103.957,,,80.46,
Asia,Taiwan,4/16/2020,903,51590,2.166,0.038,0.002,514.7,,,,,,,,,42.2,,8.353,,103.957,,,80.46,
Asia,Taiwan,4/17/2020,838,52428,2.201,0.035,0.002,538,,,,,,,,,42.2,,8.353,,103.957,,,80.46,
Asia,Taiwan,4/18/2020,557,52985,2.225,0.023,0.002,497,,,,,,,,,42.2,,8.353,,103.957,,,80.46,
Asia,Taiwan,4/19/2020,624,53609,2.251,0.026,0.005,200.6,,,,,,,,,42.2,,8.353,,103.957,,,80.46,
Asia,Taiwan,4/20/2020,1835,55444,2.328,0.077,0.004,238.5,,,,,,,,,42.2,,8.353,,103.957,,,80.46,
Asia,Taiwan,4/21/2020,1371,56815,2.386,0.058,0.005,221.2,,,,,,,,,42.2,,8.353,,103.957,,,80.46,
Asia,Taiwan,4/22/2020,1154,57969,2.434,0.048,0.004,234.8,,,,,,,,,42.2,,8.353,,103.957,,,80.46,
Asia,Taiwan,4/23/2020,1014,58983,2.477,0.043,0.004,231,,,,,,,,,42.2,,8.353,,103.957,,,80.46,
Asia,Taiwan,4/24/2020,827,59810,2.511,0.035,0.004,223.8,,,,,,,,,42.2,,8.353,,103.957,,,80.46,
Asia,Taiwan,4/25/2020,619,60429,2.537,0.026,0.004,240,,,,,,,,,42.2,,8.353,,103.957,,,80.46,
Asia,Taiwan,4/26/2020,495,60924,2.558,0.021,0.001,812.6,,,,,,,,,42.2,,8.353,,103.957,,,80.46,
Asia,Taiwan,4/27/2020,740,61664,2.589,0.031,0.001,889,,,,,,,,,42.2,,8.353,,103.957,,,80.46,
Asia,Taiwan,4/28/2020,694,62358,2.618,0.029,0.001,1387,,,,,,,,,42.2,,8.353,,103.957,,,80.46,
Asia,Taiwan,4/29/2020,484,62842,2.639,0.02,0.001,1622.4,,,,,,,,,42.2,,8.353,,103.957,,,80.46,
Asia,Taiwan,4/30/2020,495,63337,2.659,0.021,0,2174.8,,,,,,,,,42.2,,8.353,,103.957,,,80.46,
Asia,Taiwan,5/1/2020,374,63711,2.675,0.016,0,3895.1,,,,,,,,,42.2,,8.353,,103.957,,,80.46,
Asia,Taiwan,5/2/2020,380,64091,2.691,0.016,0.001,1219.1,,,,,,,,,42.2,,8.353,,103.957,,,80.46,
Asia,Taiwan,5/3/2020,342,64433,2.705,0.014,0.002,501,,,,,,,,,42.2,,8.353,,103.957,,,80.46,
Asia,Taiwan,5/4/2020,528,64961,2.728,0.022,0.003,366.3,,,,,,,,,42.2,,8.353,,103.957,,,80.46,
Asia,Taiwan,5/5/2020,632,65593,2.754,0.027,0.003,359.3,,,,,,,,,42.2,,8.353,,103.957,,,80.46,
Asia,Taiwan,5/6/2020,451,66044,2.773,0.019,0.003,319.8,,,,,,,,,42.2,,8.353,,103.957,,,80.46,
Asia,Taiwan,5/7/2020,417,66461,2.791,0.018,0.004,283.9,,,,,,,,,42.2,,8.353,,103.957,,,80.46,
Asia,Taiwan,5/8/2020,402,66863,2.807,0.017,0.003,286.4,,,,,,,,,42.2,,8.353,,103.957,,,80.46,
Asia,Taiwan,5/9/2020,269,67132,2.819,0.011,0.003,379.7,,,,,,,,,42.2,,8.353,,103.957,,,80.46,
Asia,Taiwan,5/10/2020,267,67399,2.83,0.011,0.001,742.6,,,,,,,,,42.2,,8.353,,103.957,,,80.46,
Asia,Taiwan,5/11/2020,362,67761,2.845,0.015,0.001,1398.6,,,,,,,,,42.2,,8.353,,103.957,,,80.46,
Asia,Taiwan,5/12/2020,349,68110,2.86,0.015,0.001,1258.7,,,,,,,,,42.2,,8.353,,103.957,,,80.46,
Asia,Taiwan,5/13/2020,277,68387,2.871,0.012,0,2342.7,,,,,,,,,42.2,,8.353,,103.957,,,80.46,
Asia,Taiwan,5/14/2020,274,68661,2.883,0.012,0,,,,,,,,,,42.2,,8.353,,103.957,,,80.46,
Asia,Taiwan,5/15/2020,323,68984,2.896,0.014,0,,,,,,,,,,42.2,,8.353,,103.957,,,80.46,
Asia,Taiwan,5/16/2020,220,69204,2.906,0.009,0,,,,,,,,,,42.2,,8.353,,103.957,,,80.46,
Asia,Taiwan,5/17/2020,185,69389,2.913,0.008,0,,,,,,,,,,42.2,,8.353,,103.957,,,80.46,
Asia,Taiwan,5/18/2020,269,69658,2.925,0.011,0,,,,,,,,,,42.2,,8.353,,103.957,,,80.46,
Asia,Taiwan,5/19/2020,223,69881,2.934,0.009,0,,,,,,,,,,42.2,,8.353,,103.957,,,80.46,
Asia,Taiwan,5/20/2020,226,70107,2.944,0.009,0,,,,,,,,,,42.2,,8.353,,103.957,,,80.46,
Asia,Taiwan,5/21/2020,236,70343,2.954,0.01,0,,,,,,,,,,42.2,,8.353,,103.957,,,80.46,
Asia,Taiwan,5/22/2020,187,70530,2.961,0.008,0.001,1545.5,,,,,,,,,42.2,,8.353,,103.957,,,80.46,
Asia,Taiwan,5/23/2020,170,70700,2.968,0.007,0.001,1496.5,,,,,,,,,42.2,,8.353,,103.957,,,80.46,
Asia,Taiwan,5/24/2020,183,70883,2.976,0.008,0.001,1489.5,,,,,,,,,42.2,,8.353,,103.957,,,80.46,
Asia,Taiwan,5/25/2020,222,71105,2.986,0.009,0.001,1447.6,,,,,,,,,42.2,,8.353,,103.957,,,80.46,
Asia,Taiwan,5/26/2020,299,71404,2.998,0.013,0.001,1524.5,,,,,,,,,42.2,,8.353,,103.957,,,80.46,
Asia,Taiwan,5/27/2020,183,71587,3.006,0.008,0.001,1475.5,,,,,,,,,42.2,,8.353,,103.957,,,80.46,
Asia,Taiwan,5/28/2020,170,71757,3.013,0.007,0.001,1412.6,,,,,,,,,42.2,,8.353,,103.957,,,80.46,
Asia,Taiwan,5/29/2020,156,71913,3.019,0.007,0.001,1384.6,,,,,,,,,42.2,,8.353,,103.957,,,80.46,
Asia,Taiwan,5/30/2020,174,72087,3.027,0.007,0.001,1384.6,,,,,,,,,42.2,,8.353,,103.957,,,80.46,
Asia,Taiwan,5/31/2020,237,72324,3.037,0.01,0.001,1440.6,,,,,,,,,42.2,,8.353,,103.957,,,80.46,
Asia,Taiwan,6/1/2020,186,72510,3.044,0.008,0.001,702.8,,,,,,,,,42.2,,8.353,,103.957,,,80.46,
Asia,Taiwan,6/2/2020,178,72688,3.052,0.007,0.002,639.9,,,,,,,,,42.2,,8.353,,103.957,,,80.46,
Asia,Taiwan,6/3/2020,188,72876,3.06,0.008,0.002,643.4,,,,,,,,,42.2,,8.353,,103.957,,,80.46,
Asia,Taiwan,6/4/2020,170,73046,3.067,0.007,0.002,643.4,,,,,,,,,42.2,,8.353,,103.957,,,80.46,